{"rid":"model/admin/3c0ad2e5-bad6-54ba-94a8-4f77e3ce1ee7","name":"含风光储交直流配网仿真优化展示算例","jobs":[{"args":{"@debug":"","@priority":0,"@queue":1,"@tres":"cpu=1","EndTime":"2021-01-02 00:00:00","MaxIteration":400,"OptimizationObjective":0,"StartTime":"2021-01-01 00:00:00","TimeStep":1,"sim_option":0,"simulationId":{"source":"is(service,\"Function\")?service(\"iesSimulation\").simulationId():\"\"","ɵexp":"s"}},"name":"综合能源系统运行优化方案 1","rid":"job-definition/cloudpss/ieslab-optimization"},{"args":{"@debug":"","@priority":0,"@queue":1,"@tres":"cpu=1","EndTime":"2021-01-02 00:00:00","StartTime":"2021-01-01 00:00:00","TimeStep":60,"simulationId":{"source":"is(service,\"Function\")?service(\"iesSimulation\").simulationId():\"\"","ɵexp":"s"},"task_cmd":""},"name":"综合能源系统仿真模拟方案 1","rid":"job-definition/cloudpss/ieslab-simulation"}],"configs":[{"args":{},"name":"默认参数方案","pins":{}}],"context":{"auth":"public","category":"normal","counter":{"element_":1},"currentConfig":0,"currentJob":1,"currentJobFilter":"job-definition/cloudpss/ieslab-simulation","diagram":{"currentCanvas":0,"openedCanvas":[{"key":"canvas_0","pos":{"x":-214.7708740234375,"y":705.0659484863281,"zoom":1}}]},"graphic":{},"groupSubscriptions":[{"key":"project-support:job-definition/cloudpss/emtp","name":"EMTP 元件","type":"official","visible":false},{"key":"project-support:job-definition/cloudpss/sfemt","name":"SFEMT 元件","type":"official","visible":false},{"key":"project-support:job-definition/cloudpss/power-flow","name":"潮流元件","type":"official","visible":false},{"key":"project-support:job-definition/cloudpss/ies-simulation","name":"综合能源系统元件","type":"official","visible":false},{"key":"project-support:job-definition/ies/ies-simulation","name":"综合能源系统仿真平台元件","type":"official","visible":true},{"key":"IES储能设备","name":"IES储能设备","type":"self","visible":true},{"key":"IES制冷制热设备","name":"IES制冷制热设备","type":"self","visible":true},{"key":"IES热力传输设备","name":"IES热力传输设备","type":"self","visible":true},{"key":"IES电力传输设备","name":"IES电力传输设备","type":"self","visible":true},{"key":"IES电源设备","name":"IES电源设备","type":"self","visible":true},{"key":"IES负荷","name":"IES负荷","type":"self","visible":true}],"publicRead":true},"tags":["project-category:normal","ies:simulation"],"description":"","revision":{"hash":"-uTiixX3q8gGV7aNdeT0DdjhV2YtTlKfsJs-BDJjBNWw5a2VMIg4cuKk-GFv1Xpx","author":"admin","message":"Saved by sim-studio(browser) 3.5.8","version":3,"documentation":"","graphic":{"attrs":{"body":{"refHeight":1,"refWidth":1,"refX":0,"refY":0},"pin-line":{"stroke":"var(--stroke)","strokeWidth":"var(--stroke-width)"}},"generator":"default","height":50,"markup":[{"selector":"body","tagName":"rect"}],"pins":{},"preserveAspectRatio":true,"width":50},"implements":{"diagram":{"canvas":[{"key":"canvas_0","name":"图纸 1","view":{"background":{},"grid":{"type":"doubleMesh"}}}],"cells":{"Battery_4":{"args":{"CompName":"蓄电池","CompType":"1","DeviceNumber":"2","DeviceSelection":"1688371912147724","InitialPowerStorage":"200","MaxPowerStorageDiff":"20","OptimizationChoice":"0","Power":[["2021-01-01 00:00:00","200"],["2021-01-01 01:00:00","200"],["2021-01-01 02:00:00","200"],["2021-01-01 03:00:00","200"],["2021-01-01 04:00:00","200"],["2021-01-01 05:00:00","200"],["2021-01-01 06:00:00","200"],["2021-01-01 07:00:00","200"],["2021-01-01 08:00:00","0"],["2021-01-01 09:00:00","0"],["2021-01-01 10:00:00","0"],["2021-01-01 11:00:00","0"],["2021-01-01 12:00:00","-200"],["2021-01-01 13:00:00","-200"],["2021-01-01 14:00:00","-200"],["2021-01-01 15:00:00","-200"],["2021-01-01 16:00:00","-200"],["2021-01-01 17:00:00","-200"],["2021-01-01 18:00:00","-200"],["2021-01-01 19:00:00","-200"],["2021-01-01 20:00:00","0"],["2021-01-01 21:00:00","0"],["2021-01-01 22:00:00","0"],["2021-01-01 23:00:00","0"]]},"canvas":"canvas_0","context":{},"definition":"model/CloudPSSIESSimulation/Battery","flip":false,"id":"Battery_4","label":"蓄电池-1","pins":{"AC":"","DC":""},"position":{"x":100,"y":505},"props":{"enabled":true},"shape":"diagram-component","size":{"height":100,"width":100},"style":{"--fill":"var(--spectrum-global-color-gray-100)","--fill-opacity":1,"--font-family":"var(--spectrum-global-font-family-base, Arial, Helvetica, sans-serif)","--stroke":"var(--spectrum-global-color-gray-900)","--stroke-opacity":1,"--stroke-width":2,"--text":"var(--spectrum-global-color-gray-900)","--text-opacity":1},"zIndex":1},"Battery_5":{"args":{"CompName":"蓄电池","CompType":"1","DeviceNumber":"10","DeviceSelection":"1688371912147724","InitialPowerStorage":"1000","MaxPowerStorageDiff":"20","OptimizationChoice":"1","Power":[["2021-01-01 00:00:00","200"],["2021-01-01 01:00:00","200"],["2021-01-01 02:00:00","200"],["2021-01-01 03:00:00","200"],["2021-01-01 04:00:00","200"],["2021-01-01 05:00:00","200"],["2021-01-01 06:00:00","200"],["2021-01-01 07:00:00","200"],["2021-01-01 08:00:00","0"],["2021-01-01 09:00:00","0"],["2021-01-01 10:00:00","0"],["2021-01-01 11:00:00","0"],["2021-01-01 12:00:00","-200"],["2021-01-01 13:00:00","-200"],["2021-01-01 14:00:00","-200"],["2021-01-01 15:00:00","-200"],["2021-01-01 16:00:00","-200"],["2021-01-01 17:00:00","-200"],["2021-01-01 18:00:00","-200"],["2021-01-01 19:00:00","-200"],["2021-01-01 20:00:00","0"],["2021-01-01 21:00:00","0"],["2021-01-01 22:00:00","0"],["2021-01-01 23:00:00","0"]]},"canvas":"canvas_0","context":{},"definition":"model/CloudPSSIESSimulation/Battery","flip":false,"id":"Battery_5","label":"蓄电池-2","pins":{"AC":"","DC":""},"position":{"x":-20,"y":1105},"props":{"enabled":true},"shape":"diagram-component","size":{"height":100,"width":100},"style":{"--fill":"var(--spectrum-global-color-gray-100)","--fill-opacity":1,"--font-family":"var(--spectrum-global-font-family-base, Arial, Helvetica, sans-serif)","--stroke":"var(--spectrum-global-color-gray-900)","--stroke-opacity":1,"--stroke-width":2,"--text":"var(--spectrum-global-color-gray-900)","--text-opacity":1},"zIndex":2},"Battery_6":{"args":{"CompName":"蓄电池","CompType":"1","DeviceNumber":"15","DeviceSelection":"1688371912147724","InitialPowerStorage":"1500","MaxPowerStorageDiff":"20","OptimizationChoice":"1","Power":[["2021-01-01 00:00:00","200"],["2021-01-01 01:00:00","200"],["2021-01-01 02:00:00","200"],["2021-01-01 03:00:00","200"],["2021-01-01 04:00:00","200"],["2021-01-01 05:00:00","200"],["2021-01-01 06:00:00","200"],["2021-01-01 07:00:00","200"],["2021-01-01 08:00:00","0"],["2021-01-01 09:00:00","0"],["2021-01-01 10:00:00","0"],["2021-01-01 11:00:00","0"],["2021-01-01 12:00:00","-200"],["2021-01-01 13:00:00","-200"],["2021-01-01 14:00:00","-200"],["2021-01-01 15:00:00","-200"],["2021-01-01 16:00:00","-200"],["2021-01-01 17:00:00","-200"],["2021-01-01 18:00:00","-200"],["2021-01-01 19:00:00","-200"],["2021-01-01 20:00:00","0"],["2021-01-01 21:00:00","0"],["2021-01-01 22:00:00","0"],["2021-01-01 23:00:00","0"]]},"canvas":"canvas_0","context":{},"definition":"model/CloudPSSIESSimulation/Battery","flip":false,"id":"Battery_6","label":"蓄电池-3","pins":{"AC":"","DC":""},"position":{"x":425,"y":1035},"props":{"enabled":true},"shape":"diagram-component","size":{"height":100,"width":100},"style":{"--fill":"var(--spectrum-global-color-gray-100)","--fill-opacity":1,"--font-family":"var(--spectrum-global-font-family-base, Arial, Helvetica, sans-serif)","--stroke":"var(--spectrum-global-color-gray-900)","--stroke-opacity":1,"--stroke-width":2,"--text":"var(--spectrum-global-color-gray-900)","--text-opacity":1},"zIndex":3},"BusNode_21":{"args":{"Angle":"0","CompType":"0","Name":"","V":1,"VBase":"0.4"},"canvas":"canvas_0","context":{},"definition":"model/CloudPSSIESSimulation/BusNode","flip":false,"id":"BusNode_21","label":"母线-1","pins":{"0":"","1":""},"position":{"x":-716,"y":731},"props":{"enabled":true},"shape":"diagram-component","size":{"height":45,"width":352},"style":{"--fill":"var(--spectrum-global-color-gray-100)","--fill-opacity":1,"--font-family":"var(--spectrum-global-font-family-base, Arial, Helvetica, sans-serif)","--stroke":"var(--spectrum-global-color-gray-900)","--stroke-opacity":1,"--stroke-width":2,"--text":"var(--spectrum-global-color-gray-900)","--text-opacity":1},"zIndex":4},"BusNode_22":{"args":{"Angle":"0","CompType":"0","Name":"","V":1,"VBase":"10"},"canvas":"canvas_0","context":{},"definition":"model/CloudPSSIESSimulation/BusNode","flip":false,"id":"BusNode_22","label":"母线-2","pins":{"0":"","1":""},"position":{"x":-701,"y":500},"props":{"enabled":true},"shape":"diagram-component","size":{"height":45,"width":316},"style":{"--fill":"var(--spectrum-global-color-gray-100)","--fill-opacity":1,"--font-family":"var(--spectrum-global-font-family-base, Arial, Helvetica, sans-serif)","--stroke":"var(--spectrum-global-color-gray-900)","--stroke-opacity":1,"--stroke-width":2,"--text":"var(--spectrum-global-color-gray-900)","--text-opacity":1},"zIndex":5},"BusNode_24":{"args":{"Angle":"0","CompType":"1","Name":"","V":1,"VBase":"10"},"canvas":"canvas_0","context":{},"definition":"model/CloudPSSIESSimulation/BusNode","flip":false,"id":"BusNode_24","label":"母线-3","pins":{"0":"","1":""},"position":{"x":-49,"y":919},"props":{"enabled":true},"shape":"diagram-component","size":{"height":45,"width":194},"style":{"--fill":"var(--spectrum-global-color-gray-100)","--fill-opacity":1,"--font-family":"var(--spectrum-global-font-family-base, Arial, Helvetica, sans-serif)","--stroke":"var(--spectrum-global-color-gray-900)","--stroke-opacity":1,"--stroke-width":2,"--text":"var(--spectrum-global-color-gray-900)","--text-opacity":1},"zIndex":6},"BusNode_25":{"args":{"Angle":"0","CompType":"1","Name":"","V":1,"VBase":"0.38"},"canvas":"canvas_0","context":{},"definition":"model/CloudPSSIESSimulation/BusNode","flip":false,"id":"BusNode_25","label":"母线-4","pins":{"0":"","1":""},"position":{"x":151,"y":639.5},"props":{"enabled":true},"shape":"diagram-component","size":{"height":45,"width":249},"style":{"--fill":"var(--spectrum-global-color-gray-100)","--fill-opacity":1,"--font-family":"var(--spectrum-global-font-family-base, Arial, Helvetica, sans-serif)","--stroke":"var(--spectrum-global-color-gray-900)","--stroke-opacity":1,"--stroke-width":2,"--text":"var(--spectrum-global-color-gray-900)","--text-opacity":1},"zIndex":7},"BusNode_26":{"args":{"Angle":"0","CompType":"1","Name":"","V":1,"VBase":"0.69"},"canvas":"canvas_0","context":{},"definition":"model/CloudPSSIESSimulation/BusNode","flip":false,"id":"BusNode_26","label":"母线-5","pins":{"0":"","1":""},"position":{"x":396,"y":897},"props":{"enabled":true},"shape":"diagram-component","size":{"height":45,"width":219},"style":{"--fill":"var(--spectrum-global-color-gray-100)","--fill-opacity":1,"--font-family":"var(--spectrum-global-font-family-base, Arial, Helvetica, sans-serif)","--stroke":"var(--spectrum-global-color-gray-900)","--stroke-opacity":1,"--stroke-width":2,"--text":"var(--spectrum-global-color-gray-900)","--text-opacity":1},"zIndex":8},"ElectricalLoad_10":{"args":{"CompName":"负荷5","CompType":"0","DemandChargePriceModel":"0","ElectricalLoad":"1688371595877500","PowerPriceModel":"1688371690120086"},"canvas":"canvas_0","context":{},"definition":"model/CloudPSSIESSimulation/ElectricLoad","flip":false,"id":"ElectricalLoad_10","label":"电负荷-3","pins":{"ACPin":"","DCPin":""},"position":{"x":-220,"y":930},"props":{"enabled":true},"shape":"diagram-component","size":{"height":160,"width":120},"style":{"--fill":"var(--spectrum-global-color-gray-100)","--fill-opacity":1,"--font-family":"var(--spectrum-global-font-family-base, Arial, Helvetica, sans-serif)","--stroke":"var(--spectrum-global-color-gray-900)","--stroke-opacity":1,"--stroke-width":2,"--text":"var(--spectrum-global-color-gray-900)","--text-opacity":1},"zIndex":9},"ElectricalLoad_12":{"args":{"CompName":"直流","CompType":"1","DemandChargePriceModel":"0","ElectricalLoad":"1688371650474088","PowerPriceModel":"1688371690120086"},"canvas":"canvas_0","context":{},"definition":"model/CloudPSSIESSimulation/ElectricLoad","flip":false,"id":"ElectricalLoad_12","label":"电负荷-4","pins":{"ACPin":"","DCPin":""},"position":{"x":331,"y":485.93220932810505},"props":{"enabled":true},"shape":"diagram-component","size":{"height":160,"width":120},"style":{"--fill":"var(--spectrum-global-color-gray-100)","--fill-opacity":1,"--font-family":"var(--spectrum-global-font-family-base, Arial, Helvetica, sans-serif)","--stroke":"var(--spectrum-global-color-gray-900)","--stroke-opacity":1,"--stroke-width":2,"--text":"var(--spectrum-global-color-gray-900)","--text-opacity":1},"zIndex":10},"ElectricalLoad_13":{"args":{"CompName":"工业3","CompType":"0","DemandChargePriceModel":"0","ElectricalLoad":"1688371627144219","PowerPriceModel":"1688371690120086"},"canvas":"canvas_0","context":{},"definition":"model/CloudPSSIESSimulation/ElectricLoad","flip":false,"id":"ElectricalLoad_13","label":"电负荷-5","pins":{"ACPin":"","DCPin":""},"position":{"x":-335,"y":475},"props":{"enabled":true},"shape":"diagram-component","size":{"height":160,"width":120},"style":{"--fill":"var(--spectrum-global-color-gray-100)","--fill-opacity":1,"--font-family":"var(--spectrum-global-font-family-base, Arial, Helvetica, sans-serif)","--stroke":"var(--spectrum-global-color-gray-900)","--stroke-opacity":1,"--stroke-width":2,"--text":"var(--spectrum-global-color-gray-900)","--text-opacity":1},"zIndex":11},"ElectricalLoad_14":{"args":{"CompName":"工业4","CompType":"0","DemandChargePriceModel":"0","ElectricalLoad":"1688371650474088","PowerPriceModel":"1688371690120086"},"canvas":"canvas_0","context":{},"definition":"model/CloudPSSIESSimulation/ElectricLoad","flip":false,"id":"ElectricalLoad_14","label":"电负荷-6","pins":{"ACPin":"","DCPin":""},"position":{"x":-45,"y":435},"props":{"enabled":true},"shape":"diagram-component","size":{"height":160,"width":120},"style":{"--fill":"var(--spectrum-global-color-gray-100)","--fill-opacity":1,"--font-family":"var(--spectrum-global-font-family-base, Arial, Helvetica, sans-serif)","--stroke":"var(--spectrum-global-color-gray-900)","--stroke-opacity":1,"--stroke-width":2,"--text":"var(--spectrum-global-color-gray-900)","--text-opacity":1},"zIndex":12},"ElectricalLoad_15":{"args":{"CompName":"负荷1","CompType":"0","DemandChargePriceModel":"0","ElectricalLoad":"1688371551810570","PowerPriceModel":"1688371690120086"},"canvas":"canvas_0","context":{},"definition":"model/CloudPSSIESSimulation/ElectricLoad","flip":false,"id":"ElectricalLoad_15","label":"电负荷-7","pins":{"ACPin":"","DCPin":""},"position":{"x":-780,"y":850},"props":{"enabled":true},"shape":"diagram-component","size":{"height":145,"width":108.75},"style":{"--fill":"var(--spectrum-global-color-gray-100)","--fill-opacity":1,"--font-family":"var(--spectrum-global-font-family-base, Arial, Helvetica, sans-serif)","--stroke":"var(--spectrum-global-color-gray-900)","--stroke-opacity":1,"--stroke-width":2,"--text":"var(--spectrum-global-color-gray-900)","--text-opacity":1},"zIndex":13},"ElectricalLoad_16":{"args":{"CompName":"负荷3","CompType":"0","DemandChargePriceModel":"0","ElectricalLoad":"1688371568922467","PowerPriceModel":"1688371690120086"},"canvas":"canvas_0","context":{},"definition":"model/CloudPSSIESSimulation/ElectricLoad","flip":false,"id":"ElectricalLoad_16","label":"电负荷-8","pins":{"ACPin":"","DCPin":""},"position":{"x":-515,"y":1070},"props":{"enabled":true},"shape":"diagram-component","size":{"height":160,"width":120},"style":{"--fill":"var(--spectrum-global-color-gray-100)","--fill-opacity":1,"--font-family":"var(--spectrum-global-font-family-base, Arial, Helvetica, sans-serif)","--stroke":"var(--spectrum-global-color-gray-900)","--stroke-opacity":1,"--stroke-width":2,"--text":"var(--spectrum-global-color-gray-900)","--text-opacity":1},"zIndex":14},"ElectricalLoad_17":{"args":{"CompName":"负荷2","CompType":"0","DemandChargePriceModel":"0","ElectricalLoad":"1688371562105738","PowerPriceModel":"1688371690120086"},"canvas":"canvas_0","context":{},"definition":"model/CloudPSSIESSimulation/ElectricLoad","flip":false,"id":"ElectricalLoad_17","label":"电负荷-9","pins":{"ACPin":"","DCPin":""},"position":{"x":-760,"y":1040},"props":{"enabled":true},"shape":"diagram-component","size":{"height":160,"width":120},"style":{"--fill":"var(--spectrum-global-color-gray-100)","--fill-opacity":1,"--font-family":"var(--spectrum-global-font-family-base, Arial, Helvetica, sans-serif)","--stroke":"var(--spectrum-global-color-gray-900)","--stroke-opacity":1,"--stroke-width":2,"--text":"var(--spectrum-global-color-gray-900)","--text-opacity":1},"zIndex":15},"ElectricalLoad_18":{"args":{"CompName":"负荷4","CompType":"0","DemandChargePriceModel":"0","ElectricalLoad":"1688371581614286","PowerPriceModel":"1688371690120086"},"canvas":"canvas_0","context":{},"definition":"model/CloudPSSIESSimulation/ElectricLoad","flip":false,"id":"ElectricalLoad_18","label":"电负荷-10","pins":{"ACPin":"","DCPin":""},"position":{"x":-410,"y":1040},"props":{"enabled":true},"shape":"diagram-component","size":{"height":160,"width":120},"style":{"--fill":"var(--spectrum-global-color-gray-100)","--fill-opacity":1,"--font-family":"var(--spectrum-global-font-family-base, Arial, Helvetica, sans-serif)","--stroke":"var(--spectrum-global-color-gray-900)","--stroke-opacity":1,"--stroke-width":2,"--text":"var(--spectrum-global-color-gray-900)","--text-opacity":1},"zIndex":16},"ElectricalLoad_8":{"args":{"CompName":"工业1","CompType":"0","DemandChargePriceModel":"0","ElectricalLoad":"1688371604358363","PowerPriceModel":"1688371690120086"},"canvas":"canvas_0","context":{},"definition":"model/CloudPSSIESSimulation/ElectricLoad","flip":false,"id":"ElectricalLoad_8","label":"电负荷-1","pins":{"ACPin":"","DCPin":""},"position":{"x":-445,"y":215},"props":{"enabled":true},"shape":"diagram-component","size":{"height":160,"width":120},"style":{"--fill":"var(--spectrum-global-color-gray-100)","--fill-opacity":1,"--font-family":"var(--spectrum-global-font-family-base, Arial, Helvetica, sans-serif)","--stroke":"var(--spectrum-global-color-gray-900)","--stroke-opacity":1,"--stroke-width":2,"--text":"var(--spectrum-global-color-gray-900)","--text-opacity":1},"zIndex":17},"ElectricalLoad_9":{"args":{"CompName":"工业2","CompType":"0","DemandChargePriceModel":"0","ElectricalLoad":"1688371613997943","PowerPriceModel":"1688371690120086"},"canvas":"canvas_0","context":{},"definition":"model/CloudPSSIESSimulation/ElectricLoad","flip":false,"id":"ElectricalLoad_9","label":"电负荷-2","pins":{"ACPin":"","DCPin":""},"position":{"x":81,"y":221.43220932810505},"props":{"enabled":true},"shape":"diagram-component","size":{"height":160,"width":120},"style":{"--fill":"var(--spectrum-global-color-gray-100)","--fill-opacity":1,"--font-family":"var(--spectrum-global-font-family-base, Arial, Helvetica, sans-serif)","--stroke":"var(--spectrum-global-color-gray-900)","--stroke-opacity":1,"--stroke-width":2,"--text":"var(--spectrum-global-color-gray-900)","--text-opacity":1},"zIndex":18},"ExternalPowerSource_5":{"args":{"Angle":"0","CompName":"外部电源(参考节点)","FuelModel":"1688371781639374","PurchasePriceModel":"1688371681006484","SalePriceModel":"0","Voltage":"10"},"canvas":"canvas_0","context":{},"definition":"model/CloudPSSIESSimulation/ExternalPowerSource","flip":false,"id":"ExternalPowerSource_5","label":"外部电源-1","pins":{"AC":""},"position":{"x":-765,"y":75},"props":{"enabled":true},"shape":"diagram-component","size":{"height":120,"width":180},"style":{"--fill":"var(--spectrum-global-color-gray-100)","--fill-opacity":1,"--font-family":"var(--spectrum-global-font-family-base, Arial, Helvetica, sans-serif)","--stroke":"var(--spectrum-global-color-gray-900)","--stroke-opacity":1,"--stroke-width":2,"--text":"var(--spectrum-global-color-gray-900)","--text-opacity":1},"zIndex":19},"FullBridgeConverter_2":{"args":{"CompName":"直流变压器","D":"0.25","RD":"0.075","RL":"0.72","RT1":"0.25","RT2":"0.04","n":"2"},"canvas":"canvas_0","context":{},"definition":"model/CloudPSSIESSimulation/FullBridgeConverter","flip":false,"id":"FullBridgeConverter_2","label":"直流变压器-1","pins":{"DC1":"","DC2":""},"position":{"x":85.5,"y":723.5},"props":{"enabled":true},"shape":"diagram-component","size":{"height":70,"width":120},"style":{"--fill":"var(--spectrum-global-color-gray-100)","--fill-opacity":1,"--font-family":"var(--spectrum-global-font-family-base, Arial, Helvetica, sans-serif)","--stroke":"var(--spectrum-global-color-gray-900)","--stroke-opacity":1,"--stroke-width":2,"--text":"var(--spectrum-global-color-gray-900)","--text-opacity":1},"zIndex":20},"FullBridgeConverter_3":{"args":{"CompName":"直流变压器","D":"0.25","RD":"0.075","RL":"0.72","RT1":"0.25","RT2":"0.04","n":"2"},"canvas":"canvas_0","context":{},"definition":"model/CloudPSSIESSimulation/FullBridgeConverter","flip":false,"id":"FullBridgeConverter_3","label":"直流变压器-2","pins":{"DC1":"","DC2":""},"position":{"x":270,"y":835},"props":{"enabled":true},"shape":"diagram-component","size":{"height":70,"width":120},"style":{"--fill":"var(--spectrum-global-color-gray-100)","--fill-opacity":1,"--font-family":"var(--spectrum-global-font-family-base, Arial, Helvetica, sans-serif)","--stroke":"var(--spectrum-global-color-gray-900)","--stroke-opacity":1,"--stroke-width":2,"--text":"var(--spectrum-global-color-gray-900)","--text-opacity":1},"zIndex":21},"MMC_3":{"args":{"ACP":"100","ACQ":"0","ACTHETA":"0","ACV":"10","CompName":"模块化多电平变流器","ControlStyle":"3","DCV":"10","DeviceSelection":"1688372174530781"},"canvas":"canvas_0","context":{},"definition":"model/CloudPSSIESSimulation/MMC","flip":false,"id":"MMC_3","label":"模块化多电平变流器-1","pins":{"AC":"","DC":""},"position":{"x":-315,"y":645},"props":{"enabled":true},"shape":"diagram-component","size":{"height":120,"width":200},"style":{"--fill":"var(--spectrum-global-color-gray-100)","--fill-opacity":1,"--font-family":"var(--spectrum-global-font-family-base, Arial, Helvetica, sans-serif)","--stroke":"var(--spectrum-global-color-gray-900)","--stroke-opacity":1,"--stroke-width":2,"--text":"var(--spectrum-global-color-gray-900)","--text-opacity":1},"zIndex":22},"PhotovoltaicSys_6":{"args":{"CompName":"光伏系统","CompType":"1","DeviceNumber":"100","DeviceSelection":"1688371472830259","DipAngle":"30","LossCoes":[{"0":"直流电缆损失","1":"98","ɵid":119838046},{"0":"光伏组件串并联不匹配损失","1":"99","ɵid":951708956},{"0":"灰尘及雨雪遮挡损失","1":"97","ɵid":285764398},{"0":"交流线路损失","1":"99","ɵid":666359824},{"0":"逆变器MPPT的效率损失","1":"96","ɵid":542840425},{"0":"太阳辐射入射（IAM）损失","1":"97","ɵid":268430986},{"0":"变压器损失","1":"99","ɵid":456227238}],"OptimizationChoice":"0","PowerCurve":[["2021-01-01 00:00:00","100"],["2021-01-01 01:00:00","100"],["2021-01-01 02:00:00","100"],["2021-01-01 03:00:00","100"],["2021-01-01 04:00:00","100"],["2021-01-01 05:00:00","100"],["2021-01-01 06:00:00","100"],["2021-01-01 07:00:00","100"],["2021-01-01 08:00:00","100"],["2021-01-01 09:00:00","100"],["2021-01-01 10:00:00","100"],["2021-01-01 11:00:00","100"],["2021-01-01 12:00:00","100"],["2021-01-01 13:00:00","100"],["2021-01-01 14:00:00","100"],["2021-01-01 15:00:00","100"],["2021-01-01 16:00:00","100"],["2021-01-01 17:00:00","100"],["2021-01-01 18:00:00","100"],["2021-01-01 19:00:00","100"],["2021-01-01 20:00:00","100"],["2021-01-01 21:00:00","100"],["2021-01-01 22:00:00","100"],["2021-01-01 23:00:00","100"]],"PowerMode":"0","Strategy":[{"0":"2021-01-01 00:00:00","1":"100","ɵid":536090137},{"0":"2021-01-01 01:00:00","1":"100","ɵid":222161724},{"0":"2021-01-01 02:00:00","1":"100","ɵid":286493960},{"0":"2021-01-01 03:00:00","1":"100","ɵid":425203211},{"0":"2021-01-01 04:00:00","1":"100","ɵid":349229370},{"0":"2021-01-01 05:00:00","1":"100","ɵid":799078212},{"0":"2021-01-01 06:00:00","1":"100","ɵid":713895460},{"0":"2021-01-01 07:00:00","1":"100","ɵid":1269162909},{"0":"2021-01-01 08:00:00","1":"100","ɵid":247333600},{"0":"2021-01-01 09:00:00","1":"100","ɵid":1082111755},{"0":"2021-01-01 10:00:00","1":"100","ɵid":1517569577},{"0":"2021-01-01 11:00:00","1":"100","ɵid":1569052815},{"0":"2021-01-01 12:00:00","1":"100","ɵid":153617438},{"0":"2021-01-01 13:00:00","1":"100","ɵid":1080130090},{"0":"2021-01-01 14:00:00","1":"100","ɵid":1703927897},{"0":"2021-01-01 15:00:00","1":"100","ɵid":845047087},{"0":"2021-01-01 16:00:00","1":"100","ɵid":769552884},{"0":"2021-01-01 17:00:00","1":"100","ɵid":1673331704},{"0":"2021-01-01 18:00:00","1":"100","ɵid":1686429},{"0":"2021-01-01 19:00:00","1":"100","ɵid":1886627111},{"0":"2021-01-01 20:00:00","1":"100","ɵid":904205451},{"0":"2021-01-01 21:00:00","1":"100","ɵid":745149908},{"0":"2021-01-01 22:00:00","1":"100","ɵid":1374690961},{"0":"2021-01-01 23:00:00","1":"100","ɵid":1265067374}],"TrackingMethod":"0"},"canvas":"canvas_0","context":{},"definition":"model/CloudPSSIESSimulation/Photovoltaic","flip":true,"id":"PhotovoltaicSys_6","label":"光伏系统-1","pins":{"AC":"","DC":""},"position":{"x":446.25,"y":684.278586282767},"props":{"enabled":true},"shape":"diagram-component","size":{"height":120,"width":180},"style":{"--fill":"var(--spectrum-global-color-gray-100)","--fill-opacity":1,"--font-family":"var(--spectrum-global-font-family-base, Arial, Helvetica, sans-serif)","--stroke":"var(--spectrum-global-color-gray-900)","--stroke-opacity":1,"--stroke-width":2,"--text":"var(--spectrum-global-color-gray-900)","--text-opacity":1},"zIndex":23},"PhotovoltaicSys_7":{"args":{"CompName":"光伏系统","CompType":"1","DeviceNumber":1000,"DeviceSelection":"1688371472830259","DipAngle":"30","LossCoes":[{"0":"直流电缆损失","1":"98","ɵid":119838046},{"0":"光伏组件串并联不匹配损失","1":"99","ɵid":951708956},{"0":"灰尘及雨雪遮挡损失","1":"97","ɵid":285764398},{"0":"交流线路损失","1":"99","ɵid":666359824},{"0":"逆变器MPPT的效率损失","1":"96","ɵid":542840425},{"0":"太阳辐射入射（IAM）损失","1":"97","ɵid":268430986},{"0":"变压器损失","1":"99","ɵid":456227238}],"OptimizationChoice":"0","PowerCurve":[["2021-01-01 00:00:00","100"],["2021-01-01 01:00:00","100"],["2021-01-01 02:00:00","100"],["2021-01-01 03:00:00","100"],["2021-01-01 04:00:00","100"],["2021-01-01 05:00:00","100"],["2021-01-01 06:00:00","100"],["2021-01-01 07:00:00","100"],["2021-01-01 08:00:00","100"],["2021-01-01 09:00:00","100"],["2021-01-01 10:00:00","100"],["2021-01-01 11:00:00","100"],["2021-01-01 12:00:00","100"],["2021-01-01 13:00:00","100"],["2021-01-01 14:00:00","100"],["2021-01-01 15:00:00","100"],["2021-01-01 16:00:00","100"],["2021-01-01 17:00:00","100"],["2021-01-01 18:00:00","100"],["2021-01-01 19:00:00","100"],["2021-01-01 20:00:00","100"],["2021-01-01 21:00:00","100"],["2021-01-01 22:00:00","100"],["2021-01-01 23:00:00","100"]],"PowerMode":"0","Strategy":[{"0":"2021-01-01 00:00:00","1":"1000","ɵid":439359986},{"0":"2021-01-01 01:00:00","1":"1000","ɵid":801091390},{"0":"2021-01-01 02:00:00","1":"1000","ɵid":1671962540},{"0":"2021-01-01 03:00:00","1":"1000","ɵid":1105115676},{"0":"2021-01-01 04:00:00","1":"1000","ɵid":1226218455},{"0":"2021-01-01 05:00:00","1":"1000","ɵid":1627847635},{"0":"2021-01-01 06:00:00","1":"1000","ɵid":707034885},{"0":"2021-01-01 07:00:00","1":"1000","ɵid":605751519},{"0":"2021-01-01 08:00:00","1":"1000","ɵid":817758333},{"0":"2021-01-01 09:00:00","1":"1000","ɵid":1200563366},{"0":"2021-01-01 10:00:00","1":"1000","ɵid":637966755},{"0":"2021-01-01 11:00:00","1":"1000","ɵid":1702784010},{"0":"2021-01-01 12:00:00","1":"1000","ɵid":1249238290},{"0":"2021-01-01 13:00:00","1":"1000","ɵid":1091942108},{"0":"2021-01-01 14:00:00","1":"1000","ɵid":1024514669},{"0":"2021-01-01 15:00:00","1":"1000","ɵid":189670127},{"0":"2021-01-01 16:00:00","1":"1000","ɵid":493774935},{"0":"2021-01-01 17:00:00","1":"1000","ɵid":1612602604},{"0":"2021-01-01 18:00:00","1":"1000","ɵid":544002490},{"0":"2021-01-01 19:00:00","1":"1000","ɵid":310621996},{"0":"2021-01-01 20:00:00","1":"1000","ɵid":84990461},{"0":"2021-01-01 21:00:00","1":"1000","ɵid":559797870},{"0":"2021-01-01 22:00:00","1":"1000","ɵid":514204022},{"0":"2021-01-01 23:00:00","1":"1000","ɵid":1199348721}],"TrackingMethod":"0"},"canvas":"canvas_0","context":{},"definition":"model/CloudPSSIESSimulation/Photovoltaic","flip":true,"id":"PhotovoltaicSys_7","label":"光伏系统-2","pins":{"AC":"","DC":""},"position":{"x":565,"y":1030},"props":{"enabled":true},"shape":"diagram-component","size":{"height":96.66666666666664,"width":145},"style":{"--fill":"var(--spectrum-global-color-gray-100)","--fill-opacity":1,"--font-family":"var(--spectrum-global-font-family-base, Arial, Helvetica, sans-serif)","--stroke":"var(--spectrum-global-color-gray-900)","--stroke-opacity":1,"--stroke-width":2,"--text":"var(--spectrum-global-color-gray-900)","--text-opacity":1},"zIndex":24},"TransferLine_11":{"args":{"CompName":"传输线","CompType":"0","DeviceSelection":"1688371528833474","Length":"1"},"canvas":"canvas_0","context":{},"definition":"model/CloudPSSIESSimulation/TransferLine","flip":false,"id":"TransferLine_11","label":"传输线-4","pins":{"AC_Inlet":"","AC_Outlet":"","DC_Inlet":"","DC_Outlet":""},"position":{"x":-320,"y":175},"props":{"enabled":true},"shape":"diagram-component","size":{"height":20,"width":120},"style":{"--fill":"var(--spectrum-global-color-gray-100)","--fill-opacity":1,"--font-family":"var(--spectrum-global-font-family-base, Arial, Helvetica, sans-serif)","--stroke":"var(--spectrum-global-color-gray-900)","--stroke-opacity":1,"--stroke-width":2,"--text":"var(--spectrum-global-color-gray-900)","--text-opacity":1},"zIndex":25},"TransferLine_12":{"args":{"CompName":"传输线","CompType":"0","DeviceSelection":"1688371528833474","Length":"1"},"canvas":"canvas_0","context":{},"definition":"model/CloudPSSIESSimulation/TransferLine","flip":false,"id":"TransferLine_12","label":"传输线-5","pins":{"AC_Inlet":"","AC_Outlet":"","DC_Inlet":"","DC_Outlet":""},"position":{"x":-431.5,"y":404.3676102294899},"props":{"enabled":true},"shape":"diagram-component","size":{"height":23,"width":120},"style":{"--fill":"var(--spectrum-global-color-gray-100)","--fill-opacity":1,"--font-family":"var(--spectrum-global-font-family-base, Arial, Helvetica, sans-serif)","--stroke":"var(--spectrum-global-color-gray-900)","--stroke-opacity":1,"--stroke-width":2,"--text":"var(--spectrum-global-color-gray-900)","--text-opacity":1},"zIndex":26},"TransferLine_13":{"args":{"CompName":"传输线","CompType":"0","DeviceSelection":"1688371528833474","Length":"1"},"canvas":"canvas_0","context":{},"definition":"model/CloudPSSIESSimulation/TransferLine","flip":false,"id":"TransferLine_13","label":"传输线-6","pins":{"AC_Inlet":"","AC_Outlet":"","DC_Inlet":"","DC_Outlet":""},"position":{"x":-240,"y":405},"props":{"enabled":true},"shape":"diagram-component","size":{"height":23,"width":120},"style":{"--fill":"var(--spectrum-global-color-gray-100)","--fill-opacity":1,"--font-family":"var(--spectrum-global-font-family-base, Arial, Helvetica, sans-serif)","--stroke":"var(--spectrum-global-color-gray-900)","--stroke-opacity":1,"--stroke-width":2,"--text":"var(--spectrum-global-color-gray-900)","--text-opacity":1},"zIndex":27},"TransferLine_14":{"args":{"CompName":"传输线","CompType":"0","DeviceSelection":"1688371528833474","Length":"1"},"canvas":"canvas_0","context":{},"definition":"model/CloudPSSIESSimulation/TransferLine","flip":false,"id":"TransferLine_14","label":"传输线-7","pins":{"AC_Inlet":"","AC_Outlet":"","DC_Inlet":"","DC_Outlet":""},"position":{"x":-35.5,"y":174.3676102294899},"props":{"enabled":true},"shape":"diagram-component","size":{"height":23,"width":120},"style":{"--fill":"var(--spectrum-global-color-gray-100)","--fill-opacity":1,"--font-family":"var(--spectrum-global-font-family-base, Arial, Helvetica, sans-serif)","--stroke":"var(--spectrum-global-color-gray-900)","--stroke-opacity":1,"--stroke-width":2,"--text":"var(--spectrum-global-color-gray-900)","--text-opacity":1},"zIndex":28},"TransferLine_15":{"args":{"CompName":"传输线","CompType":"0","DeviceSelection":"1688371528833474","Length":"0.2"},"canvas":"canvas_0","context":{},"definition":"model/CloudPSSIESSimulation/TransferLine","flip":false,"id":"TransferLine_15","label":"传输线-8","pins":{"AC_Inlet":"","AC_Outlet":"","DC_Inlet":"","DC_Outlet":""},"position":{"x":-337,"y":863.8676102294899},"props":{"enabled":true},"shape":"diagram-component","size":{"height":23,"width":120},"style":{"--fill":"var(--spectrum-global-color-gray-100)","--fill-opacity":1,"--font-family":"var(--spectrum-global-font-family-base, Arial, Helvetica, sans-serif)","--stroke":"var(--spectrum-global-color-gray-900)","--stroke-opacity":1,"--stroke-width":2,"--text":"var(--spectrum-global-color-gray-900)","--text-opacity":1},"zIndex":29},"TransferLine_18":{"angle":90,"args":{"CompName":"传输线","CompType":"0","DeviceSelection":"1688371528833474","Length":"0.2"},"canvas":"canvas_0","context":{},"definition":"model/CloudPSSIESSimulation/TransferLine","flip":false,"id":"TransferLine_18","label":"传输线-9","pins":{"AC_Inlet":"","AC_Outlet":"","DC_Inlet":"","DC_Outlet":""},"position":{"x":-525,"y":945},"props":{"enabled":true},"shape":"diagram-component","size":{"height":23,"width":120},"style":{"--fill":"var(--spectrum-global-color-gray-100)","--fill-opacity":1,"--font-family":"var(--spectrum-global-font-family-base, Arial, Helvetica, sans-serif)","--stroke":"var(--spectrum-global-color-gray-900)","--stroke-opacity":1,"--stroke-width":2,"--text":"var(--spectrum-global-color-gray-900)","--text-opacity":1},"zIndex":30},"TransferLine_19":{"args":{"CompName":"传输线","CompType":"0","DeviceSelection":"1688371528833474","Length":"0.2"},"canvas":"canvas_0","context":{},"definition":"model/CloudPSSIESSimulation/TransferLine","flip":false,"id":"TransferLine_19","label":"传输线-10","pins":{"AC_Inlet":"","AC_Outlet":"","DC_Inlet":"","DC_Outlet":""},"position":{"x":-642,"y":862.8676102294899},"props":{"enabled":true},"shape":"diagram-component","size":{"height":23,"width":120},"style":{"--fill":"var(--spectrum-global-color-gray-100)","--fill-opacity":1,"--font-family":"var(--spectrum-global-font-family-base, Arial, Helvetica, sans-serif)","--stroke":"var(--spectrum-global-color-gray-900)","--stroke-opacity":1,"--stroke-width":2,"--text":"var(--spectrum-global-color-gray-900)","--text-opacity":1},"zIndex":31},"TransferLine_20":{"args":{"CompName":"传输线","CompType":"0","DeviceSelection":"1688371528833474","Length":"0.2"},"canvas":"canvas_0","context":{},"definition":"model/CloudPSSIESSimulation/TransferLine","flip":false,"id":"TransferLine_20","label":"传输线-11","pins":{"AC_Inlet":"","AC_Outlet":"","DC_Inlet":"","DC_Outlet":""},"position":{"x":-642,"y":1031.8676102294899},"props":{"enabled":true},"shape":"diagram-component","size":{"height":23,"width":120},"style":{"--fill":"var(--spectrum-global-color-gray-100)","--fill-opacity":1,"--font-family":"var(--spectrum-global-font-family-base, Arial, Helvetica, sans-serif)","--stroke":"var(--spectrum-global-color-gray-900)","--stroke-opacity":1,"--stroke-width":2,"--text":"var(--spectrum-global-color-gray-900)","--text-opacity":1},"zIndex":32},"TransferLine_6":{"angle":90,"args":{"CompName":"传输线","CompType":"0","DeviceSelection":"1688371528833474","Length":"2"},"canvas":"canvas_0","context":{},"definition":"model/CloudPSSIESSimulation/TransferLine","flip":false,"id":"TransferLine_6","label":"传输线-1","pins":{"AC_Inlet":"","AC_Outlet":"","DC_Inlet":"","DC_Outlet":""},"position":{"x":-555,"y":225},"props":{"enabled":true},"shape":"diagram-component","size":{"height":20,"width":120},"style":{"--fill":"var(--spectrum-global-color-gray-100)","--fill-opacity":1,"--font-family":"var(--spectrum-global-font-family-base, Arial, Helvetica, sans-serif)","--stroke":"var(--spectrum-global-color-gray-900)","--stroke-opacity":1,"--stroke-width":2,"--text":"var(--spectrum-global-color-gray-900)","--text-opacity":1},"zIndex":33},"TransferLine_7":{"angle":90,"args":{"CompName":"传输线","CompType":"0","DeviceSelection":"1688371528833474","Length":"2"},"canvas":"canvas_0","context":{},"definition":"model/CloudPSSIESSimulation/TransferLine","flip":false,"id":"TransferLine_7","label":"传输线-2","pins":{"AC_Inlet":"","AC_Outlet":"","DC_Inlet":"","DC_Outlet":""},"position":{"x":-657,"y":316.5},"props":{"enabled":true},"shape":"diagram-component","size":{"height":23,"width":120},"style":{"--fill":"var(--spectrum-global-color-gray-100)","--fill-opacity":1,"--font-family":"var(--spectrum-global-font-family-base, Arial, Helvetica, sans-serif)","--stroke":"var(--spectrum-global-color-gray-900)","--stroke-opacity":1,"--stroke-width":2,"--text":"var(--spectrum-global-color-gray-900)","--text-opacity":1},"zIndex":34},"TransferLine_9":{"args":{"CompName":"传输线","CompType":"1","DeviceSelection":"1688371528833474","Length":"1"},"canvas":"canvas_0","context":{},"definition":"model/CloudPSSIESSimulation/TransferLine","flip":false,"id":"TransferLine_9","label":"传输线-3","pins":{"AC_Inlet":"","AC_Outlet":"","DC_Inlet":"","DC_Outlet":""},"position":{"x":131,"y":869},"props":{"enabled":true},"shape":"diagram-component","size":{"height":23,"width":120},"style":{"--fill":"var(--spectrum-global-color-gray-100)","--fill-opacity":1,"--font-family":"var(--spectrum-global-font-family-base, Arial, Helvetica, sans-serif)","--stroke":"var(--spectrum-global-color-gray-900)","--stroke-opacity":1,"--stroke-width":2,"--text":"var(--spectrum-global-color-gray-900)","--text-opacity":1},"zIndex":35},"Transformer_6":{"angle":90,"args":{"CompName":"交流变压器","DeviceSelection":"1688371510538023"},"canvas":"canvas_0","context":{},"definition":"model/CloudPSSIESSimulation/Transformer","flip":false,"id":"Transformer_6","label":"交流变压器-1","pins":{"AC1":"","AC2":""},"position":{"x":-720,"y":570},"props":{"enabled":true},"shape":"diagram-component","size":{"height":120,"width":200},"style":{"--fill":"var(--spectrum-global-color-gray-100)","--fill-opacity":1,"--font-family":"var(--spectrum-global-font-family-base, Arial, Helvetica, sans-serif)","--stroke":"var(--spectrum-global-color-gray-900)","--stroke-opacity":1,"--stroke-width":2,"--text":"var(--spectrum-global-color-gray-900)","--text-opacity":1},"zIndex":36},"WindPowerGenerator_4":{"args":{"CompName":"风机","CompType":"1","DeviceNumber":"30","DeviceSelection":"1688371483988329","OperateParam":[{"0":"2021-01-01 00:00:00","1":"30","ɵid":411275978},{"0":"2021-01-01 01:00:00","1":"30","ɵid":1189496484},{"0":"2021-01-01 02:00:00","1":"30","ɵid":219426983},{"0":"2021-01-01 03:00:00","1":"30","ɵid":1699320925},{"0":"2021-01-01 04:00:00","1":"30","ɵid":1828510985},{"0":"2021-01-01 05:00:00","1":"30","ɵid":365967673},{"0":"2021-01-01 06:00:00","1":"30","ɵid":1576570441},{"0":"2021-01-01 07:00:00","1":"30","ɵid":2081193064},{"0":"2021-01-01 08:00:00","1":"30","ɵid":1875535260},{"0":"2021-01-01 09:00:00","1":"30","ɵid":1960187854},{"0":"2021-01-01 10:00:00","1":"30","ɵid":1622765047},{"0":"2021-01-01 11:00:00","1":"30","ɵid":1704136164},{"0":"2021-01-01 12:00:00","1":"30","ɵid":1778428638},{"0":"2021-01-01 13:00:00","1":"30","ɵid":1400216506},{"0":"2021-01-01 14:00:00","1":"30","ɵid":1418567644},{"0":"2021-01-01 15:00:00","1":"30","ɵid":2130116594},{"0":"2021-01-01 16:00:00","1":"30","ɵid":407568997},{"0":"2021-01-01 17:00:00","1":"30","ɵid":2112696886},{"0":"2021-01-01 18:00:00","1":"30","ɵid":354552033},{"0":"2021-01-01 19:00:00","1":"30","ɵid":1399264375},{"0":"2021-01-01 20:00:00","1":"30","ɵid":205202837},{"0":"2021-01-01 21:00:00","1":"30","ɵid":261278114},{"0":"2021-01-01 22:00:00","1":"30","ɵid":1260118417},{"0":"2021-01-01 23:00:00","1":"30","ɵid":2006856806}],"OptimizationChoice":"0","PowerCurve":[["2021-01-01 00:00:00","259"],["2021-01-01 01:00:00","0"],["2021-01-01 02:00:00","0"],["2021-01-01 03:00:00","297"],["2021-01-01 04:00:00","236"],["2021-01-01 05:00:00","314"],["2021-01-01 06:00:00","223"],["2021-01-01 07:00:00","233"],["2021-01-01 08:00:00","256"],["2021-01-01 09:00:00","212"],["2021-01-01 10:00:00","268"],["2021-01-01 11:00:00","303"],["2021-01-01 12:00:00","232"],["2021-01-01 13:00:00","208"],["2021-01-01 14:00:00","316"],["2021-01-01 15:00:00","320"],["2021-01-01 16:00:00","0"],["2021-01-01 17:00:00","0"],["2021-01-01 18:00:00","0"],["2021-01-01 19:00:00","0"],["2021-01-01 20:00:00","226"],["2021-01-01 21:00:00","220"],["2021-01-01 22:00:00","297"],["2021-01-01 23:00:00","0"]],"PowerMode":"0"},"canvas":"canvas_0","context":{},"definition":"model/CloudPSSIESSimulation/WindTurbine","flip":false,"id":"WindPowerGenerator_4","label":"风机-1","pins":{"AC":"","DC":""},"position":{"x":-150,"y":1035},"props":{"enabled":true},"shape":"diagram-component","size":{"height":160,"width":120},"style":{"--fill":"var(--spectrum-global-color-gray-100)","--fill-opacity":1,"--font-family":"var(--spectrum-global-font-family-base, Arial, Helvetica, sans-serif)","--stroke":"var(--spectrum-global-color-gray-900)","--stroke-opacity":1,"--stroke-width":2,"--text":"var(--spectrum-global-color-gray-900)","--text-opacity":1},"zIndex":37},"WindPowerGenerator_5":{"args":{"CompName":"风机","CompType":"1","DeviceNumber":"10","DeviceSelection":"1688371483988329","OperateParam":[{"0":"2021-01-01 00:00:00","1":"10","ɵid":83914392},{"0":"2021-01-01 01:00:00","1":"10","ɵid":1017347770},{"0":"2021-01-01 02:00:00","1":"10","ɵid":1850236591},{"0":"2021-01-01 03:00:00","1":"10","ɵid":433439895},{"0":"2021-01-01 04:00:00","1":"10","ɵid":1062337170},{"0":"2021-01-01 05:00:00","1":"10","ɵid":687765021},{"0":"2021-01-01 06:00:00","1":"10","ɵid":1460460929},{"0":"2021-01-01 07:00:00","1":"10","ɵid":2073563656},{"0":"2021-01-01 08:00:00","1":"10","ɵid":363008115},{"0":"2021-01-01 09:00:00","1":"10","ɵid":2053668904},{"0":"2021-01-01 10:00:00","1":"10","ɵid":2137834273},{"0":"2021-01-01 11:00:00","1":"10","ɵid":440569151},{"0":"2021-01-01 12:00:00","1":"10","ɵid":695133849},{"0":"2021-01-01 13:00:00","1":"10","ɵid":1416361678},{"0":"2021-01-01 14:00:00","1":"10","ɵid":811523739},{"0":"2021-01-01 15:00:00","1":"10","ɵid":795477399},{"0":"2021-01-01 16:00:00","1":"10","ɵid":2016787662},{"0":"2021-01-01 17:00:00","1":"10","ɵid":63867050},{"0":"2021-01-01 18:00:00","1":"10","ɵid":2135100425},{"0":"2021-01-01 19:00:00","1":"10","ɵid":50060029},{"0":"2021-01-01 20:00:00","1":"10","ɵid":659717302},{"0":"2021-01-01 21:00:00","1":"10","ɵid":1854982806},{"0":"2021-01-01 22:00:00","1":"10","ɵid":1781725000},{"0":"2021-01-01 23:00:00","1":"10","ɵid":864271470}],"OptimizationChoice":"0","PowerCurve":[["2021-01-01 00:00:00","259"],["2021-01-01 01:00:00","0"],["2021-01-01 02:00:00","0"],["2021-01-01 03:00:00","297"],["2021-01-01 04:00:00","236"],["2021-01-01 05:00:00","314"],["2021-01-01 06:00:00","223"],["2021-01-01 07:00:00","233"],["2021-01-01 08:00:00","256"],["2021-01-01 09:00:00","212"],["2021-01-01 10:00:00","268"],["2021-01-01 11:00:00","303"],["2021-01-01 12:00:00","232"],["2021-01-01 13:00:00","208"],["2021-01-01 14:00:00","316"],["2021-01-01 15:00:00","320"],["2021-01-01 16:00:00","0"],["2021-01-01 17:00:00","0"],["2021-01-01 18:00:00","0"],["2021-01-01 19:00:00","0"],["2021-01-01 20:00:00","226"],["2021-01-01 21:00:00","220"],["2021-01-01 22:00:00","297"],["2021-01-01 23:00:00","0"]],"PowerMode":"0"},"canvas":"canvas_0","context":{},"definition":"model/CloudPSSIESSimulation/WindTurbine","flip":true,"id":"WindPowerGenerator_5","label":"风机-2","pins":{"AC":"","DC":""},"position":{"x":98,"y":1028.8889048190854},"props":{"enabled":true},"shape":"diagram-component","size":{"height":160,"width":120},"style":{"--fill":"var(--spectrum-global-color-gray-100)","--fill-opacity":1,"--font-family":"var(--spectrum-global-font-family-base, Arial, Helvetica, sans-serif)","--stroke":"var(--spectrum-global-color-gray-900)","--stroke-opacity":1,"--stroke-width":2,"--text":"var(--spectrum-global-color-gray-900)","--text-opacity":1},"zIndex":38},"WindPowerGenerator_6":{"args":{"CompName":"风机","CompType":"1","DeviceNumber":"50","DeviceSelection":"1688371483988329","OperateParam":[{"0":"2021-01-01 00:00:00","1":"50","ɵid":1605457266},{"0":"2021-01-01 01:00:00","1":"50","ɵid":1770358186},{"0":"2021-01-01 02:00:00","1":"50","ɵid":609891877},{"0":"2021-01-01 03:00:00","1":"50","ɵid":728043726},{"0":"2021-01-01 04:00:00","1":"50","ɵid":221152261},{"0":"2021-01-01 05:00:00","1":"50","ɵid":83979335},{"0":"2021-01-01 06:00:00","1":"50","ɵid":245340686},{"0":"2021-01-01 07:00:00","1":"50","ɵid":1974164732},{"0":"2021-01-01 08:00:00","1":"50","ɵid":1568134220},{"0":"2021-01-01 09:00:00","1":"50","ɵid":399832190},{"0":"2021-01-01 10:00:00","1":"50","ɵid":615040476},{"0":"2021-01-01 11:00:00","1":"50","ɵid":1166081518},{"0":"2021-01-01 12:00:00","1":"50","ɵid":1440771945},{"0":"2021-01-01 13:00:00","1":"50","ɵid":255806783},{"0":"2021-01-01 14:00:00","1":"50","ɵid":1495152647},{"0":"2021-01-01 15:00:00","1":"50","ɵid":1654306409},{"0":"2021-01-01 16:00:00","1":"50","ɵid":828659478},{"0":"2021-01-01 17:00:00","1":"50","ɵid":1874513272},{"0":"2021-01-01 18:00:00","1":"50","ɵid":292776864},{"0":"2021-01-01 19:00:00","1":"50","ɵid":1413123670},{"0":"2021-01-01 20:00:00","1":"50","ɵid":1571791154},{"0":"2021-01-01 21:00:00","1":"50","ɵid":820346995},{"0":"2021-01-01 22:00:00","1":"50","ɵid":475967714},{"0":"2021-01-01 23:00:00","1":"50","ɵid":1873030790}],"OptimizationChoice":"0","PowerCurve":[["2021-01-01 00:00:00","259"],["2021-01-01 01:00:00","0"],["2021-01-01 02:00:00","0"],["2021-01-01 03:00:00","297"],["2021-01-01 04:00:00","236"],["2021-01-01 05:00:00","314"],["2021-01-01 06:00:00","223"],["2021-01-01 07:00:00","233"],["2021-01-01 08:00:00","256"],["2021-01-01 09:00:00","212"],["2021-01-01 10:00:00","268"],["2021-01-01 11:00:00","303"],["2021-01-01 12:00:00","232"],["2021-01-01 13:00:00","208"],["2021-01-01 14:00:00","316"],["2021-01-01 15:00:00","320"],["2021-01-01 16:00:00","0"],["2021-01-01 17:00:00","0"],["2021-01-01 18:00:00","0"],["2021-01-01 19:00:00","0"],["2021-01-01 20:00:00","226"],["2021-01-01 21:00:00","220"],["2021-01-01 22:00:00","297"],["2021-01-01 23:00:00","0"]],"PowerMode":"0"},"canvas":"canvas_0","context":{},"definition":"model/CloudPSSIESSimulation/WindTurbine","flip":false,"id":"WindPowerGenerator_6","label":"风机-3","pins":{"AC":"","DC":""},"position":{"x":255,"y":1020},"props":{"enabled":true},"shape":"diagram-component","size":{"height":160,"width":120},"style":{"--fill":"var(--spectrum-global-color-gray-100)","--fill-opacity":1,"--font-family":"var(--spectrum-global-font-family-base, Arial, Helvetica, sans-serif)","--stroke":"var(--spectrum-global-color-gray-900)","--stroke-opacity":1,"--stroke-width":2,"--text":"var(--spectrum-global-color-gray-900)","--text-opacity":1},"zIndex":39},"edge_337":{"attrs":{"line":{"targetMarker":{"args":{"cx":0,"r":0.5}}},"root":{"style":{"--stroke":"var(--edge-electricalDc-stroke,var(--edge-stroke))","--stroke-opacity":1,"--stroke-width":4}}},"canvas":"canvas_0","id":"edge_337","shape":"diagram-edge","source":{"anchor":{"name":"center"},"cell":"FullBridgeConverter_2","port":"DC1"},"target":{"anchor":{"args":{"dx":"-21%","dy":"0%","rotate":true},"name":"center"},"cell":"BusNode_24","port":"1"},"vertices":[],"zIndex":40},"edge_340":{"attrs":{"line":{"targetMarker":{"args":{"cx":0,"r":0.5}}},"root":{"style":{"--stroke":"var(--edge-electricalDc-stroke,var(--edge-stroke))","--stroke-opacity":1,"--stroke-width":4}}},"canvas":"canvas_0","id":"edge_340","shape":"diagram-edge","source":{"anchor":{"name":"center"},"cell":"FullBridgeConverter_2","port":"DC2"},"target":{"anchor":{"args":{"dx":"10%","dy":"0%","rotate":true},"name":"center"},"cell":"BusNode_25","port":"1"},"vertices":[],"zIndex":41},"edge_342":{"attrs":{"line":{"targetMarker":{"args":{"cx":0,"r":0.5}}},"root":{"style":{"--stroke":"var(--edge-electricalDc-stroke,var(--edge-stroke))","--stroke-opacity":1,"--stroke-width":4}}},"canvas":"canvas_0","id":"edge_342","shape":"diagram-edge","source":{"anchor":{"name":"center"},"cell":"Battery_4","port":"DC"},"target":{"anchor":{"args":{"dx":"-2%","dy":"0%","rotate":true},"name":"center"},"cell":"BusNode_25","port":"1"},"vertices":[],"zIndex":42},"edge_346":{"attrs":{"line":{"targetMarker":{"args":{"cx":0,"r":0.5}}},"root":{"style":{"--stroke":"var(--edge-electricalDc-stroke,var(--edge-stroke))","--stroke-opacity":1,"--stroke-width":4}}},"canvas":"canvas_0","id":"edge_346","shape":"diagram-edge","source":{"anchor":{"name":"center"},"cell":"ElectricalLoad_12","port":"DCPin"},"target":{"anchor":{"args":{"dx":"17%","dy":"0%","rotate":true},"name":"center"},"cell":"BusNode_25","port":"1"},"vertices":[],"zIndex":43},"edge_351":{"attrs":{"line":{"targetMarker":{"args":{"cx":0,"r":0.5}}},"root":{"style":{"--stroke":"var(--edge-electricalAc-stroke,var(--edge-stroke))","--stroke-opacity":1,"--stroke-width":4}}},"canvas":"canvas_0","id":"edge_351","shape":"diagram-edge","source":{"anchor":{"name":"center"},"cell":"ExternalPowerSource_5","port":"AC"},"target":{"anchor":{"name":"center"},"cell":"TransferLine_7","port":"AC_Inlet"},"vertices":[],"zIndex":44},"edge_354":{"attrs":{"line":{"targetMarker":{"args":{"cx":0,"r":0.5}}},"root":{"style":{"--stroke":"var(--edge-electricalAc-stroke,var(--edge-stroke))","--stroke-opacity":1,"--stroke-width":4}}},"canvas":"canvas_0","id":"edge_354","shape":"diagram-edge","source":{"anchor":{"name":"center"},"cell":"TransferLine_6","port":"AC_Outlet"},"target":{"anchor":{"args":{"dx":"17%","dy":"0%","rotate":true},"name":"center"},"cell":"BusNode_22","port":"0"},"vertices":[],"zIndex":45},"edge_365":{"attrs":{"line":{"targetMarker":{"args":{"cx":0,"r":0.5}}},"root":{"style":{"--stroke":"var(--edge-electricalAc-stroke,var(--edge-stroke))","--stroke-opacity":1,"--stroke-width":4}}},"canvas":"canvas_0","id":"edge_365","shape":"diagram-edge","source":{"anchor":{"name":"center"},"cell":"TransferLine_12","port":"AC_Inlet"},"target":{"anchor":{"args":{"ratio":"100%"},"name":"ratio"},"cell":"edge_354"},"vertices":[],"zIndex":46},"edge_371":{"attrs":{"line":{"targetMarker":{"args":{"cx":0,"r":0.5}}},"root":{"style":{"--stroke":"var(--edge-electricalAc-stroke,var(--edge-stroke))","--stroke-opacity":1,"--stroke-width":4}}},"canvas":"canvas_0","id":"edge_371","shape":"diagram-edge","source":{"anchor":{"name":"center"},"cell":"TransferLine_12","port":"AC_Outlet"},"target":{"anchor":{"name":"center"},"cell":"TransferLine_13","port":"AC_Inlet"},"vertices":[],"zIndex":47},"edge_373":{"attrs":{"line":{"targetMarker":{"args":{"cx":0,"r":0.5}}},"root":{"style":{"--stroke":"var(--edge-electricalAc-stroke,var(--edge-stroke))","--stroke-opacity":1,"--stroke-width":4}}},"canvas":"canvas_0","id":"edge_373","shape":"diagram-edge","source":{"anchor":{"name":"center"},"cell":"TransferLine_6","port":"AC_Inlet"},"target":{"anchor":{"name":"center"},"cell":"TransferLine_11","port":"AC_Inlet"},"vertices":[],"zIndex":48},"edge_375":{"attrs":{"line":{"targetMarker":{"args":{"cx":0,"r":0.5}}},"root":{"style":{"--stroke":"var(--edge-electricalAc-stroke,var(--edge-stroke))","--stroke-opacity":1,"--stroke-width":4}}},"canvas":"canvas_0","id":"edge_375","shape":"diagram-edge","source":{"anchor":{"name":"center"},"cell":"TransferLine_13","port":"AC_Outlet"},"target":{"anchor":{"name":"center"},"cell":"TransferLine_11","port":"AC_Outlet"},"vertices":[{"x":-109,"y":405},{"x":-109,"y":200}],"zIndex":49},"edge_380":{"attrs":{"line":{"targetMarker":{"args":{"cx":0,"r":0.5}}},"root":{"style":{"--stroke":"var(--edge-electricalAc-stroke,var(--edge-stroke))","--stroke-opacity":1,"--stroke-width":4}}},"canvas":"canvas_0","id":"edge_380","shape":"diagram-edge","source":{"anchor":{"name":"center"},"cell":"TransferLine_14","port":"AC_Inlet"},"target":{"anchor":{"args":{"ratio":"100%"},"name":"ratio"},"cell":"edge_375"},"vertices":[],"zIndex":50},"edge_381":{"attrs":{"line":{"targetMarker":{"args":{"cx":0,"r":0.5}}},"root":{"style":{"--stroke":"var(--edge-electricalAc-stroke,var(--edge-stroke))","--stroke-opacity":1,"--stroke-width":4}}},"canvas":"canvas_0","id":"edge_381","shape":"diagram-edge","source":{"anchor":{"name":"center"},"cell":"TransferLine_14","port":"AC_Outlet"},"target":{"anchor":{"name":"center"},"cell":"ElectricalLoad_9","port":"ACPin"},"vertices":[],"zIndex":51},"edge_383":{"attrs":{"line":{"targetMarker":{"args":{"cx":0,"r":0.5}}},"root":{"style":{"--stroke":"var(--edge-electricalAc-stroke,var(--edge-stroke))","--stroke-opacity":1,"--stroke-width":4}}},"canvas":"canvas_0","id":"edge_383","shape":"diagram-edge","source":{"anchor":{"name":"center"},"cell":"MMC_3","port":"AC"},"target":{"anchor":{"args":{"dx":"42%","dy":"0%","rotate":true},"name":"center"},"cell":"BusNode_22","port":"0"},"vertices":[],"zIndex":52},"edge_384":{"attrs":{"line":{"targetMarker":{"args":{"cx":0,"r":0.5}}},"root":{"style":{"--stroke":"var(--edge-electricalAc-stroke,var(--edge-stroke))","--stroke-opacity":1,"--stroke-width":4}}},"canvas":"canvas_0","id":"edge_384","shape":"diagram-edge","source":{"anchor":{"name":"center"},"cell":"TransferLine_7","port":"AC_Outlet"},"target":{"anchor":{"args":{"dx":"-31%","dy":"0%","rotate":true},"name":"center"},"cell":"BusNode_22","port":"0"},"vertices":[],"zIndex":53},"edge_385":{"attrs":{"line":{"targetMarker":{"args":{"cx":0,"r":0.5}}},"root":{"style":{"--stroke":"var(--edge-electricalAc-stroke,var(--edge-stroke))","--stroke-opacity":1,"--stroke-width":4}}},"canvas":"canvas_0","id":"edge_385","shape":"diagram-edge","source":{"anchor":{"name":"center"},"cell":"Transformer_6","port":"AC1"},"target":{"anchor":{"args":{"dx":"-25%","dy":"0%","rotate":true},"name":"center"},"cell":"BusNode_22","port":"0"},"vertices":[],"zIndex":54},"edge_386":{"attrs":{"line":{"targetMarker":{"args":{"cx":0,"r":0.5}}},"root":{"style":{"--stroke":"var(--edge-electricalAc-stroke,var(--edge-stroke))","--stroke-opacity":1,"--stroke-width":4}}},"canvas":"canvas_0","id":"edge_386","shape":"diagram-edge","source":{"anchor":{"name":"center"},"cell":"Transformer_6","port":"AC2"},"target":{"anchor":{"args":{"dx":"-23%","dy":"0%","rotate":true},"name":"center"},"cell":"BusNode_21","port":"0"},"vertices":[],"zIndex":55},"edge_391":{"attrs":{"line":{"targetMarker":{"args":{"cx":0,"r":0.5}}},"root":{"style":{"--stroke":"var(--edge-electricalAc-stroke,var(--edge-stroke))","--stroke-opacity":1,"--stroke-width":4}}},"canvas":"canvas_0","id":"edge_391","shape":"diagram-edge","source":{"anchor":{"name":"center"},"cell":"TransferLine_15","port":"AC_Outlet"},"target":{"anchor":{"name":"center"},"cell":"ElectricalLoad_10","port":"ACPin"},"vertices":[],"zIndex":56},"edge_396":{"attrs":{"line":{"targetMarker":{"args":{"cx":0,"r":0.5}}},"root":{"style":{"--stroke":"var(--edge-electricalAc-stroke,var(--edge-stroke))","--stroke-opacity":1,"--stroke-width":4}}},"canvas":"canvas_0","id":"edge_396","shape":"diagram-edge","source":{"anchor":{"name":"center"},"cell":"TransferLine_19","port":"AC_Outlet"},"target":{"anchor":{"args":{"ratio":"100%"},"name":"ratio"},"cell":"edge_430"},"vertices":[],"zIndex":78},"edge_398":{"attrs":{"line":{"targetMarker":{"args":{"cx":0,"r":0.5}}},"root":{"style":{"--stroke":"var(--edge-electricalAc-stroke,var(--edge-stroke))","--stroke-opacity":1,"--stroke-width":4}}},"canvas":"canvas_0","id":"edge_398","shape":"diagram-edge","source":{"anchor":{"name":"center"},"cell":"ElectricalLoad_15","port":"ACPin"},"target":{"anchor":{"name":"center"},"cell":"TransferLine_19","port":"AC_Inlet"},"vertices":[],"zIndex":57},"edge_400":{"attrs":{"line":{"targetMarker":{"args":{"cx":0,"r":0.5}}},"root":{"style":{"--stroke":"var(--edge-electricalAc-stroke,var(--edge-stroke))","--stroke-opacity":1,"--stroke-width":4}}},"canvas":"canvas_0","id":"edge_400","shape":"diagram-edge","source":{"anchor":{"name":"center"},"cell":"TransferLine_20","port":"AC_Outlet"},"target":{"anchor":{"name":"center"},"cell":"TransferLine_18","port":"AC_Outlet"},"vertices":[],"zIndex":58},"edge_402":{"attrs":{"line":{"targetMarker":{"args":{"cx":0,"r":0.5}}},"root":{"style":{"--stroke":"var(--edge-electricalAc-stroke,var(--edge-stroke))","--stroke-opacity":1,"--stroke-width":4}}},"canvas":"canvas_0","id":"edge_402","shape":"diagram-edge","source":{"anchor":{"name":"center"},"cell":"ElectricalLoad_16","port":"ACPin"},"target":{"anchor":{"name":"center"},"cell":"TransferLine_18","port":"AC_Outlet"},"vertices":[],"zIndex":59},"edge_404":{"attrs":{"line":{"targetMarker":{"args":{"cx":0,"r":0.5}}},"root":{"style":{"--stroke":"var(--edge-electricalAc-stroke,var(--edge-stroke))","--stroke-opacity":1,"--stroke-width":4}}},"canvas":"canvas_0","id":"edge_404","shape":"diagram-edge","source":{"anchor":{"name":"center"},"cell":"ElectricalLoad_17","port":"ACPin"},"target":{"anchor":{"name":"center"},"cell":"TransferLine_20","port":"AC_Inlet"},"vertices":[],"zIndex":60},"edge_407":{"attrs":{"line":{"targetMarker":{"args":{"cx":0,"r":0.5}}},"root":{"style":{"--stroke":"var(--edge-electricalAc-stroke,var(--edge-stroke))","--stroke-opacity":1,"--stroke-width":4}}},"canvas":"canvas_0","id":"edge_407","shape":"diagram-edge","source":{"anchor":{"name":"center"},"cell":"ElectricalLoad_18","port":"ACPin"},"target":{"anchor":{"name":"center"},"cell":"TransferLine_15","port":"AC_Inlet"},"vertices":[{"x":-350,"y":863.87}],"zIndex":61},"edge_408":{"attrs":{"line":{"targetMarker":{"args":{"cx":0,"r":0.5}}},"root":{"style":{"--stroke":"var(--edge-electricalDc-stroke,var(--edge-stroke))","--stroke-opacity":1,"--stroke-width":4}}},"canvas":"canvas_0","id":"edge_408","shape":"diagram-edge","source":{"anchor":{"name":"center"},"cell":"WindPowerGenerator_4","port":"DC"},"target":{"anchor":{"args":{"dx":"-37%","dy":"0%","rotate":true},"name":"center"},"cell":"BusNode_24","port":"1"},"vertices":[],"zIndex":62},"edge_410":{"attrs":{"line":{"targetMarker":{"args":{"cx":0,"r":0.5}}},"root":{"style":{"--stroke":"var(--edge-electricalDc-stroke,var(--edge-stroke))","--stroke-opacity":1,"--stroke-width":4}}},"canvas":"canvas_0","id":"edge_410","shape":"diagram-edge","source":{"anchor":{"name":"center"},"cell":"Battery_5","port":"DC"},"target":{"anchor":{"args":{"dx":"-9%","dy":"0%","rotate":true},"name":"center"},"cell":"BusNode_24","port":"1"},"vertices":[],"zIndex":63},"edge_413":{"attrs":{"line":{"targetMarker":{"args":{"cx":0,"r":0.5}}},"root":{"style":{"--stroke":"var(--edge-electricalDc-stroke,var(--edge-stroke))","--stroke-opacity":1,"--stroke-width":4}}},"canvas":"canvas_0","id":"edge_413","shape":"diagram-edge","source":{"anchor":{"name":"center"},"cell":"MMC_3","port":"DC"},"target":{"anchor":{"args":{"dx":"-43%","dy":"0%","rotate":true},"name":"center"},"cell":"BusNode_24","port":"1"},"vertices":[],"zIndex":64},"edge_414":{"attrs":{"line":{"targetMarker":{"args":{"cx":0,"r":0.5}}},"root":{"style":{"--stroke":"var(--edge-electricalDc-stroke,var(--edge-stroke))","--stroke-opacity":1,"--stroke-width":4}}},"canvas":"canvas_0","id":"edge_414","shape":"diagram-edge","source":{"anchor":{"name":"center"},"cell":"WindPowerGenerator_5","port":"DC"},"target":{"anchor":{"args":{"dx":"14%","dy":"0%","rotate":true},"name":"center"},"cell":"BusNode_24","port":"1"},"vertices":[],"zIndex":65},"edge_415":{"attrs":{"line":{"targetMarker":{"args":{"cx":0,"r":0.5}}},"root":{"style":{"--stroke":"var(--edge-electricalDc-stroke,var(--edge-stroke))","--stroke-opacity":1,"--stroke-width":4}}},"canvas":"canvas_0","id":"edge_415","shape":"diagram-edge","source":{"anchor":{"name":"center"},"cell":"TransferLine_9","port":"DC_Inlet"},"target":{"anchor":{"args":{"dx":"28%","dy":"0%","rotate":true},"name":"center"},"cell":"BusNode_24","port":"1"},"vertices":[],"zIndex":66},"edge_417":{"attrs":{"line":{"targetMarker":{"args":{"cx":0,"r":0.5}}},"root":{"style":{"--stroke":"var(--edge-electricalDc-stroke,var(--edge-stroke))","--stroke-opacity":1,"--stroke-width":4}}},"canvas":"canvas_0","id":"edge_417","shape":"diagram-edge","source":{"anchor":{"name":"center"},"cell":"TransferLine_9","port":"DC_Outlet"},"target":{"anchor":{"name":"center"},"cell":"FullBridgeConverter_3","port":"DC1"},"vertices":[],"zIndex":67},"edge_419":{"attrs":{"line":{"targetMarker":{"args":{"cx":0,"r":0.5}}},"root":{"style":{"--stroke":"var(--edge-electricalDc-stroke,var(--edge-stroke))","--stroke-opacity":1,"--stroke-width":4}}},"canvas":"canvas_0","id":"edge_419","shape":"diagram-edge","source":{"anchor":{"name":"center"},"cell":"FullBridgeConverter_3","port":"DC2"},"target":{"anchor":{"args":{"dx":"-35%","dy":"0%","rotate":true},"name":"center"},"cell":"BusNode_26","port":"1"},"vertices":[],"zIndex":68},"edge_422":{"attrs":{"line":{"targetMarker":{"args":{"cx":0,"r":0.5}}},"root":{"style":{"--stroke":"var(--edge-electricalDc-stroke,var(--edge-stroke))","--stroke-opacity":1,"--stroke-width":4}}},"canvas":"canvas_0","id":"edge_422","shape":"diagram-edge","source":{"anchor":{"name":"center"},"cell":"WindPowerGenerator_6","port":"DC"},"target":{"anchor":{"args":{"dx":"-43%","dy":"0%","rotate":true},"name":"center"},"cell":"BusNode_26","port":"1"},"vertices":[],"zIndex":69},"edge_423":{"attrs":{"line":{"targetMarker":{"args":{"cx":0,"r":0.5}}},"root":{"style":{"--stroke":"var(--edge-electricalDc-stroke,var(--edge-stroke))","--stroke-opacity":1,"--stroke-width":4}}},"canvas":"canvas_0","id":"edge_423","shape":"diagram-edge","source":{"anchor":{"name":"center"},"cell":"Battery_6","port":"DC"},"target":{"anchor":{"args":{"dx":"-13.926940639269406%","dy":"0%","rotate":true},"name":"center"},"cell":"BusNode_26","port":"1","selector":"> rect:nth-child(2)"},"vertices":[],"zIndex":70},"edge_427":{"attrs":{"line":{"targetMarker":{"args":{"cx":0,"r":0.5}}},"root":{"style":{"--stroke":"var(--edge-electricalDc-stroke,var(--edge-stroke))","--stroke-opacity":1,"--stroke-width":4}}},"canvas":"canvas_0","id":"edge_427","shape":"diagram-edge","source":{"anchor":{"name":"center"},"cell":"PhotovoltaicSys_6","port":"DC"},"target":{"anchor":{"args":{"dx":"40%","dy":"0%","rotate":true},"name":"center"},"cell":"BusNode_25","port":"1"},"vertices":[],"zIndex":71},"edge_429":{"attrs":{"line":{"targetMarker":{"args":{"cx":0,"r":0.5}}},"root":{"style":{"--stroke":"var(--edge-electricalDc-stroke,var(--edge-stroke))","--stroke-opacity":1,"--stroke-width":4}}},"canvas":"canvas_0","id":"edge_429","shape":"diagram-edge","source":{"anchor":{"name":"center"},"cell":"PhotovoltaicSys_7","port":"DC"},"target":{"anchor":{"args":{"dx":"24%","dy":"0%","rotate":true},"name":"center"},"cell":"BusNode_26","port":"1"},"vertices":[],"zIndex":72},"edge_430":{"attrs":{"line":{"targetMarker":{"args":{"cx":0,"r":0.5}}},"root":{"style":{"--stroke":"var(--edge-electricalAc-stroke,var(--edge-stroke))","--stroke-opacity":1,"--stroke-width":4}}},"canvas":"canvas_0","id":"edge_430","shape":"diagram-edge","source":{"anchor":{"name":"center"},"cell":"TransferLine_18","port":"AC_Inlet"},"target":{"anchor":{"args":{"dx":"8%","dy":"0%","rotate":true},"name":"center"},"cell":"BusNode_21","port":"0"},"vertices":[],"zIndex":73},"edge_431":{"attrs":{"line":{"targetMarker":{"args":{"cx":0,"r":0.5}}},"root":{"style":{"--stroke":"var(--edge-electricalAc-stroke,var(--edge-stroke))","--stroke-opacity":1,"--stroke-width":4}}},"canvas":"canvas_0","id":"edge_431","shape":"diagram-edge","source":{"anchor":{"name":"center"},"cell":"TransferLine_15","port":"AC_Inlet"},"target":{"anchor":{"args":{"ratio":"100%"},"name":"ratio"},"cell":"edge_430"},"vertices":[],"zIndex":74},"edge_FbK8rgZvMfS9":{"attrs":{"root":{"style":{"--stroke":"var(--edge-electricalAc-stroke,var(--edge-stroke))","--stroke-opacity":1,"--stroke-width":4}}},"canvas":"canvas_0","id":"edge_FbK8rgZvMfS9","shape":"diagram-edge","source":{"anchor":{"name":"center"},"cell":"ElectricalLoad_14","port":"ACPin"},"target":{"anchor":{"args":{"ratio":0.030120481927710843},"name":"ratio"},"cell":"edge_375"},"vertices":[{"x":15,"y":405}],"zIndex":77},"edge_mdmkbQTlxaYi":{"attrs":{"root":{"style":{"--stroke":"var(--edge-electricalAc-stroke,var(--edge-stroke))","--stroke-opacity":1,"--stroke-width":4}}},"canvas":"canvas_0","id":"edge_mdmkbQTlxaYi","shape":"diagram-edge","source":{"anchor":{"name":"center"},"cell":"ElectricalLoad_13","port":"ACPin"},"target":{"anchor":{"args":{"ratio":0.503030303030303},"name":"ratio"},"cell":"edge_371"},"vertices":[],"zIndex":76},"edge_xhZ38GmOKlpb":{"attrs":{"root":{"style":{"--stroke":"var(--edge-electricalAc-stroke,var(--edge-stroke))","--stroke-opacity":1,"--stroke-width":4}}},"canvas":"canvas_0","id":"edge_xhZ38GmOKlpb","shape":"diagram-edge","source":{"anchor":{"name":"center"},"cell":"ElectricalLoad_8","port":"ACPin"},"target":{"anchor":{"args":{"ratio":0.6060606060606061},"name":"ratio"},"cell":"edge_373"},"vertices":[],"zIndex":75}},"type":"diagram","variables":[]}},"parameters":[],"pins":[]}}