{"rid":"model/admin/1ec68f1f-f893-548f-b7a3-802c7d5b799d","name":"规划展示算例","jobs":[{"args":{"case":"0","hour":"0","month":"January","task_cmd":""},"name":"综合能源系统仿真模拟方案 1","rid":"job-definition/cloudpss/ieslab-planning"},{"args":{"@debug":"","@priority":0,"@queue":1,"@tres":"cpu=1","clustering_algorithm":"0","num_method":"0","simulationId":{"source":"service(\"iesSimulation\").simulationId()","ɵexp":"s"}},"name":"综合能源系统规划典型日生成方案 1","rid":"job-definition/cloudpss/ieslab-gmm"}],"configs":[{"args":{},"name":"默认参数方案","pins":{}},{"args":{},"name":"参数方案 1","pins":{}}],"context":{"auth":"public","category":"normal","counter":{"component_absorption_chiller_":1,"component_battery_":1,"component_bus_node_":5,"component_centrifugal_pump_":2,"component_electric_conditioner_":1,"component_electric_load_":10,"component_external_power_source_":1,"component_full_bridge_converter_":2,"component_gas_boiler_":1,"component_heat_pump_":2,"component_ies_flex_electric_load_":2,"component_mmc_":1,"component_photovoltaic_":1,"component_thermal_load_":12,"component_transfer_line_":2,"component_transformer_":1,"component_wind_turbine_":1,"交流变压器":1,"传输线":1,"光伏发电系统":1,"吸收式制冷机":1,"外部电源":1,"柔性电负荷":2,"模块化多电平变流器":1,"母线元件":2,"热泵":1,"燃气锅炉":1,"电压缩制冷机":1,"电负荷":2,"直流变压器":1,"离心泵":1,"蓄电池":1,"采暖制冷负荷":1,"风力发电机":1},"currentConfig":1,"currentJob":1,"currentJobFilter":"job-definition/cloudpss/ieslab-gmm","diagram":{"currentCanvas":0,"openedCanvas":[{"key":"canvas_0","pos":{"x":752.9411773681641,"y":679.4117889404297,"zoom":0.85}}]},"graphic":{},"groupSubscriptions":[{"key":"project-support:job-definition/cloudpss/emtp","name":"EMTP 元件","type":"official","visible":false},{"key":"project-support:job-definition/cloudpss/sfemt","name":"SFEMT 元件","type":"official","visible":false},{"key":"project-support:job-definition/cloudpss/power-flow","name":"潮流元件","type":"official","visible":false},{"key":"project-support:job-definition/cloudpss/ies-simulation","name":"综合能源系统元件","type":"official","visible":false},{"key":"project-support:job-definition/ies/ies-simulation","name":"综合能源系统仿真平台元件","type":"official","visible":true},{"key":"project-support:job-definition/ies/ies-plan","name":"综合能源系统规划平台元件","type":"official","visible":true},{"key":"IES储能设备","name":"IES储能设备","type":"self","visible":true},{"key":"IES制冷制热设备","name":"IES制冷制热设备","type":"self","visible":true},{"key":"IES热力传输设备","name":"IES热力传输设备","type":"self","visible":true},{"key":"IES电力传输设备","name":"IES电力传输设备","type":"self","visible":true},{"key":"IES电源设备","name":"IES电源设备","type":"self","visible":true},{"key":"IES负荷","name":"IES负荷","type":"self","visible":true}],"publicRead":true},"tags":["project-category:normal","ies:iesPlan"],"keywords":[],"description":"","permissions":{"member":65551,"moderator":98335,"everyone":65539},"revision":{"hash":"wNLhtNbjr6CMe5E-1soqwkEWs65ldEKMaag9cL4DAT5-ll0M2ey3atv80L5LDTiD","author":"admin","message":"Saved by sim-studio(browser) 3.5.8","version":3,"documentation":"","graphic":{"attrs":{"body":{"refHeight":1,"refWidth":1,"refX":0,"refY":0},"pin-line":{"stroke":"var(--stroke)","strokeWidth":"var(--stroke-width)"}},"generator":"default","height":50,"markup":[{"selector":"body","tagName":"rect"}],"pins":{},"preserveAspectRatio":true,"width":50},"implements":{"diagram":{"canvas":[{"key":"canvas_0","name":"图纸 1","view":{"background":{},"grid":{"type":"doubleMesh"}}}],"cells":{"component_absorption_chiller_1":{"args":{"CompName":"","CompType":"0","CoolSupply":[{"0":"2021-01-01 00:00:00","1":[{"0":"5","1":"1","ɵid":410573853}],"ɵid":1131551815},{"0":"2021-01-01 01:00:00","1":[["2","1"]],"ɵid":1318888528},{"0":"2021-01-01 02:00:00","1":[["3","1"]],"ɵid":988323182},{"0":"2021-01-01 03:00:00","1":[["4","1"]],"ɵid":885101186},{"0":"2021-01-01 04:00:00","1":[["5","1"]],"2":"1","ɵid":217765126},{"0":"2021-01-01 05:00:00","1":[["5","1"]],"ɵid":1389202390},{"0":"2021-01-01 06:00:00","1":[["5","1"]],"ɵid":983104201},{"0":"2021-01-01 07:00:00","1":[["5","1"]],"ɵid":1653559061},{"0":"2021-01-01 08:00:00","1":[["5","1"]],"ɵid":596001527},{"0":"2021-01-01 09:00:00","1":[["5","1"]],"ɵid":264843166},{"0":"2021-01-01 10:00:00","1":[["5","1"]],"ɵid":1250505933},{"0":"2021-01-01 11:00:00","1":[["5","1"]],"ɵid":377817768},{"0":"2021-01-01 12:00:00","1":[["5","1"]],"ɵid":343857041},{"0":"2021-01-01 13:00:00","1":[["5","1"]],"ɵid":1909252582},{"0":"2021-01-01 14:00:00","1":[["5","1"]],"ɵid":1965428257},{"0":"2021-01-01 15:00:00","1":[["5","1"]],"ɵid":1139994766},{"0":"2021-01-01 16:00:00","1":[["5","1"]],"ɵid":1073625362},{"0":"2021-01-01 17:00:00","1":[["5","1"]],"ɵid":1755632681},{"0":"2021-01-01 18:00:00","1":[["5","1"]],"ɵid":1738571874},{"0":"2021-01-01 19:00:00","1":[["5","1"]],"ɵid":613200471},{"0":"2021-01-01 20:00:00","1":[["5","1"]],"ɵid":1068230905},{"0":"2021-01-01 21:00:00","1":[["5","1"]],"ɵid":740858990},{"0":"2021-01-01 22:00:00","1":[["5","1"]],"ɵid":1231915446},{"0":"2021-01-01 23:00:00","1":[{"0":"5","1":"1","ɵid":1110470004}],"ɵid":1892963115}],"DeviceNumber":"1","DeviceSelection":"1659928804176500","MaxCoolCapacity":"2000","MiniCoolCapacity":0,"OptimizationChoice":"0","OutletTemp":[{"0":"2021-01-01 00:00:00","1":"10","ɵid":1843821834},{"0":"2021-01-01 01:00:00","1":"10","ɵid":770196955},{"0":"2021-01-01 02:00:00","1":"10","ɵid":259444127},{"0":"2021-01-01 03:00:00","1":"10","ɵid":593553412},{"0":"2021-01-01 04:00:00","1":"10","ɵid":504876388},{"0":"2021-01-01 05:00:00","1":"10","ɵid":45415296},{"0":"2021-01-01 06:00:00","1":"10","ɵid":2012933078},{"0":"2021-01-01 07:00:00","1":"10","ɵid":638271655},{"0":"2021-01-01 08:00:00","1":"10","ɵid":549556963},{"0":"2021-01-01 09:00:00","1":"10","ɵid":1632809679},{"0":"2021-01-01 10:00:00","1":"10","ɵid":1097382658},{"0":"2021-01-01 11:00:00","1":"10","ɵid":238741084},{"0":"2021-01-01 12:00:00","1":"10","ɵid":149454736},{"0":"2021-01-01 13:00:00","1":"10","ɵid":1369612719},{"0":"2021-01-01 14:00:00","1":"10","ɵid":1347243550},{"0":"2021-01-01 15:00:00","1":"10","ɵid":2091481545},{"0":"2021-01-01 16:00:00","1":"10","ɵid":1440157682},{"0":"2021-01-01 17:00:00","1":"10","ɵid":1623650707},{"0":"2021-01-01 18:00:00","1":"10","ɵid":1263295485},{"0":"2021-01-01 19:00:00","1":"10","ɵid":1197520602},{"0":"2021-01-01 20:00:00","1":"10","ɵid":519332646},{"0":"2021-01-01 21:00:00","1":"10","ɵid":1962760282},{"0":"2021-01-01 22:00:00","1":"10","ɵid":831378871},{"0":"2021-01-01 23:00:00","1":"10","ɵid":1382062382}],"SettingParaType":"1"},"canvas":"canvas_0","context":{},"definition":"model/IESLabPlan/AbsorptionChiller","flip":false,"id":"component_absorption_chiller_1","label":"吸收式制冷机1","pins":{"AC":"","DC":"","PrimaryInlet":"","PrimaryOutlet":"","SecondaryInlet":"","SecondaryOutlet":""},"position":{"x":445,"y":790},"props":{"enabled":true},"shape":"diagram-component","size":{"height":120,"width":150},"style":{"--fill":"var(--spectrum-global-color-gray-100)","--fill-opacity":1,"--font-family":"var(--spectrum-global-font-family-base, Arial, Helvetica, sans-serif)","--stroke":"var(--spectrum-global-color-gray-900)","--stroke-opacity":1,"--stroke-width":2,"--text":"var(--spectrum-global-color-gray-900)","--text-opacity":1},"zIndex":28},"component_battery_1":{"args":{"CompName":"","CompType":"1","DeviceNumber":"1","DeviceSelection":"0","InitialPowerStorage":"50","MaxPowerStorageDiff":5,"MaxStorageCapacity":8000,"MiniStorageCapacity":4000,"OptimizationChoice":"1","Power":[{"0":"2021-01-01 00:00:00","1":"200","ɵid":1159814360},{"0":"2021-01-01 01:00:00","1":"200","ɵid":1599557024},{"0":"2021-01-01 02:00:00","1":"200","ɵid":1462208154},{"0":"2021-01-01 03:00:00","1":"200","ɵid":804137039},{"0":"2021-01-01 04:00:00","1":"200","ɵid":1066288271},{"0":"2021-01-01 05:00:00","1":"200","ɵid":1110655653},{"0":"2021-01-01 06:00:00","1":"200","ɵid":363895248},{"0":"2021-01-01 07:00:00","1":"200","ɵid":550177007},{"0":"2021-01-01 08:00:00","1":"0","ɵid":618115364},{"0":"2021-01-01 09:00:00","1":"0","ɵid":1543953840},{"0":"2021-01-01 10:00:00","1":"0","ɵid":608693433},{"0":"2021-01-01 11:00:00","1":"0","ɵid":636609212},{"0":"2021-01-01 12:00:00","1":"-200","ɵid":602846533},{"0":"2021-01-01 13:00:00","1":"-200","ɵid":965683327},{"0":"2021-01-01 14:00:00","1":"-200","ɵid":836096856},{"0":"2021-01-01 15:00:00","1":"-200","ɵid":2066053351},{"0":"2021-01-01 16:00:00","1":"-200","ɵid":315855025},{"0":"2021-01-01 17:00:00","1":"-200","ɵid":1581391215},{"0":"2021-01-01 18:00:00","1":"-200","ɵid":128423831},{"0":"2021-01-01 19:00:00","1":"-200","ɵid":175754152},{"0":"2021-01-01 20:00:00","1":"0","ɵid":413746475},{"0":"2021-01-01 21:00:00","1":"0","ɵid":1808688626},{"0":"2021-01-01 22:00:00","1":"0","ɵid":1389130819},{"0":"2021-01-01 23:00:00","1":"0","ɵid":1698055608}]},"canvas":"canvas_0","context":{},"definition":"model/IESLabPlan/Battery","flip":false,"id":"component_battery_1","label":"蓄电池1","pins":{"AC":"","DC":""},"position":{"x":765,"y":315},"props":{"enabled":true},"shape":"diagram-component","size":{"height":140,"width":140},"style":{"--fill":"var(--spectrum-global-color-gray-100)","--fill-opacity":1,"--font-family":"var(--spectrum-global-font-family-base, Arial, Helvetica, sans-serif)","--stroke":"var(--spectrum-global-color-gray-900)","--stroke-opacity":1,"--stroke-width":2,"--text":"var(--spectrum-global-color-gray-900)","--text-opacity":1},"zIndex":99},"component_bus_node_1":{"args":{"Angle":"0","CompType":"0","Name":"","V":"1","VBase":10},"canvas":"canvas_0","context":{},"definition":"model/IESLabPlan/BusNode","flip":false,"id":"component_bus_node_1","label":"母线元件1","pins":{"0":"","1":""},"position":{"x":135,"y":170},"props":{"enabled":true},"shape":"diagram-component","size":{"height":40,"width":460},"style":{"--fill":"var(--spectrum-global-color-gray-100)","--fill-opacity":1,"--font-family":"var(--spectrum-global-font-family-base, Arial, Helvetica, sans-serif)","--stroke":"var(--spectrum-global-color-gray-900)","--stroke-opacity":1,"--stroke-width":2,"--text":"var(--spectrum-global-color-gray-900)","--text-opacity":1},"zIndex":2},"component_bus_node_2":{"args":{"Angle":"0","CompType":"0","Name":"","V":"1","VBase":0.4},"canvas":"canvas_0","context":{},"definition":"model/IESLabPlan/BusNode","flip":false,"id":"component_bus_node_2","label":"母线元件1","pins":{"0":"","1":""},"position":{"x":100,"y":480},"props":{"enabled":true},"shape":"diagram-component","size":{"height":40,"width":500},"style":{"--fill":"var(--spectrum-global-color-gray-100)","--fill-opacity":1,"--font-family":"var(--spectrum-global-font-family-base, Arial, Helvetica, sans-serif)","--stroke":"var(--spectrum-global-color-gray-900)","--stroke-opacity":1,"--stroke-width":2,"--text":"var(--spectrum-global-color-gray-900)","--text-opacity":1},"zIndex":4},"component_bus_node_4":{"args":{"Angle":"0","CompType":"1","Name":"","V":"1","VBase":1},"canvas":"canvas_0","context":{},"definition":"model/IESLabPlan/BusNode","flip":false,"id":"component_bus_node_4","label":"母线元件2","pins":{"0":"","1":""},"position":{"x":780,"y":215},"props":{"enabled":true},"shape":"diagram-component","size":{"height":40,"width":155},"style":{"--fill":"var(--spectrum-global-color-gray-100)","--fill-opacity":1,"--font-family":"var(--spectrum-global-font-family-base, Arial, Helvetica, sans-serif)","--stroke":"var(--spectrum-global-color-gray-900)","--stroke-opacity":1,"--stroke-width":2,"--text":"var(--spectrum-global-color-gray-900)","--text-opacity":1},"zIndex":66},"component_bus_node_5":{"args":{"Angle":"0","CompType":"1","Name":"","V":"1","VBase":1},"canvas":"canvas_0","context":{},"definition":"model/IESLabPlan/BusNode","flip":false,"id":"component_bus_node_5","label":"母线元件2","pins":{"0":"","1":""},"position":{"x":1050,"y":199.99999999999966},"props":{"enabled":true},"shape":"diagram-component","size":{"height":40,"width":480},"style":{"--fill":"var(--spectrum-global-color-gray-100)","--fill-opacity":1,"--font-family":"var(--spectrum-global-font-family-base, Arial, Helvetica, sans-serif)","--stroke":"var(--spectrum-global-color-gray-900)","--stroke-opacity":1,"--stroke-width":2,"--text":"var(--spectrum-global-color-gray-900)","--text-opacity":1},"zIndex":74},"component_centrifugal_pump_1":{"angle":90,"args":{"CompName":"","CompType":"0","DeviceSelection":"1660014478815784","OptimizationChoice":"0","PumpSpeed":[{"0":"2021-01-01 00:00:00","1":"2789","ɵid":1567138071},{"0":"2021-01-01 01:00:00","1":"2960","ɵid":305065088},{"0":"2021-01-01 02:00:00","1":"2736","ɵid":1807094346},{"0":"2021-01-01 03:00:00","1":"2803","ɵid":50160631},{"0":"2021-01-01 04:00:00","1":"2905","ɵid":1433900664},{"0":"2021-01-01 05:00:00","1":"2711","ɵid":1968310597},{"0":"2021-01-01 06:00:00","1":"2928","ɵid":1519273717},{"0":"2021-01-01 07:00:00","1":"2586","ɵid":127040593},{"0":"2021-01-01 08:00:00","1":"2860","ɵid":642907383},{"0":"2021-01-01 09:00:00","1":"2706","ɵid":1624920194},{"0":"2021-01-01 10:00:00","1":"2517","ɵid":2034591615},{"0":"2021-01-01 11:00:00","1":"2641","ɵid":961680450},{"0":"2021-01-01 12:00:00","1":"2585","ɵid":2067748982},{"0":"2021-01-01 13:00:00","1":"2728","ɵid":748348894},{"0":"2021-01-01 14:00:00","1":"2616","ɵid":1056544211},{"0":"2021-01-01 15:00:00","1":"2987","ɵid":1275342013},{"0":"2021-01-01 16:00:00","1":"2650","ɵid":1487311701},{"0":"2021-01-01 17:00:00","1":"2601","ɵid":2053016286},{"0":"2021-01-01 18:00:00","1":"2702","ɵid":327266147},{"0":"2021-01-01 19:00:00","1":"2754","ɵid":1146186075},{"0":"2021-01-01 20:00:00","1":"2589","ɵid":742161643},{"0":"2021-01-01 21:00:00","1":"2652","ɵid":1262123373},{"0":"2021-01-01 22:00:00","1":"2719","ɵid":2138368048},{"0":"2021-01-01 23:00:00","1":"2661","ɵid":1183689701}]},"canvas":"canvas_0","context":{},"definition":"model/IESLabPlan/CentrifugalPump","flip":false,"id":"component_centrifugal_pump_1","label":"离心泵1","pins":{"AC":"","DC":"","waterInlet":"","waterOutlet":""},"position":{"x":345,"y":670},"props":{"enabled":true},"shape":"diagram-component","size":{"height":80,"width":100},"style":{"--fill":"var(--spectrum-global-color-gray-100)","--fill-opacity":1,"--font-family":"var(--spectrum-global-font-family-base, Arial, Helvetica, sans-serif)","--stroke":"var(--spectrum-global-color-gray-900)","--stroke-opacity":1,"--stroke-width":2,"--text":"var(--spectrum-global-color-gray-900)","--text-opacity":1},"zIndex":9},"component_centrifugal_pump_2":{"angle":90,"args":{"CompName":"","CompType":"0","DeviceSelection":"1660014478815784","OptimizationChoice":"0","PumpSpeed":[{"0":"2021-01-01 00:00:00","1":"2789","ɵid":503698532},{"0":"2021-01-01 01:00:00","1":"2960","ɵid":820276010},{"0":"2021-01-01 02:00:00","1":"2736","ɵid":1711543953},{"0":"2021-01-01 03:00:00","1":"2803","ɵid":550707181},{"0":"2021-01-01 04:00:00","1":"2905","ɵid":939637246},{"0":"2021-01-01 05:00:00","1":"2711","ɵid":22960692},{"0":"2021-01-01 06:00:00","1":"2928","ɵid":1517236166},{"0":"2021-01-01 07:00:00","1":"2586","ɵid":41632691},{"0":"2021-01-01 08:00:00","1":"2860","ɵid":572849397},{"0":"2021-01-01 09:00:00","1":"2706","ɵid":1263316950},{"0":"2021-01-01 10:00:00","1":"2517","ɵid":1551372138},{"0":"2021-01-01 11:00:00","1":"2641","ɵid":2082221782},{"0":"2021-01-01 12:00:00","1":"2585","ɵid":750296346},{"0":"2021-01-01 13:00:00","1":"2728","ɵid":753435897},{"0":"2021-01-01 14:00:00","1":"2616","ɵid":524601918},{"0":"2021-01-01 15:00:00","1":"2987","ɵid":999917328},{"0":"2021-01-01 16:00:00","1":"2650","ɵid":1311342550},{"0":"2021-01-01 17:00:00","1":"2601","ɵid":212647667},{"0":"2021-01-01 18:00:00","1":"2702","ɵid":1812910685},{"0":"2021-01-01 19:00:00","1":"2754","ɵid":1950298409},{"0":"2021-01-01 20:00:00","1":"2589","ɵid":1933798102},{"0":"2021-01-01 21:00:00","1":"2652","ɵid":358820389},{"0":"2021-01-01 22:00:00","1":"2719","ɵid":804403348},{"0":"2021-01-01 23:00:00","1":"2661","ɵid":262159983}]},"canvas":"canvas_0","context":{},"definition":"model/IESLabPlan/CentrifugalPump","flip":false,"id":"component_centrifugal_pump_2","label":"离心泵1","pins":{"AC":"","DC":"","waterInlet":"","waterOutlet":""},"position":{"x":935,"y":805},"props":{"enabled":true},"shape":"diagram-component","size":{"height":80,"width":100},"style":{"--fill":"var(--spectrum-global-color-gray-100)","--fill-opacity":1,"--font-family":"var(--spectrum-global-font-family-base, Arial, Helvetica, sans-serif)","--stroke":"var(--spectrum-global-color-gray-900)","--stroke-opacity":1,"--stroke-width":2,"--text":"var(--spectrum-global-color-gray-900)","--text-opacity":1},"zIndex":37},"component_electric_conditioner_1":{"args":{"CompName":"","CompType":"0","CoolSupply":[["2021-01-01 00:00:00",[["1","1"]]],["2021-01-01 01:00:00",[["2","1"]]],["2021-01-01 02:00:00",[["3","1"]]],["2021-01-01 03:00:00",[["4","1"]]],["2021-01-01 04:00:00",[["5","1"]],"1"],["2021-01-01 05:00:00",[["5","1"]]],["2021-01-01 06:00:00",[["5","1"]]],["2021-01-01 07:00:00",[["5","1"]]],["2021-01-01 08:00:00",[["5","1"]]],["2021-01-01 09:00:00",[["5","1"]]],["2021-01-01 10:00:00",[["5","1"]]],["2021-01-01 11:00:00",[["5","1"]]],["2021-01-01 12:00:00",[["5","1"]]],["2021-01-01 13:00:00",[["5","1"]]],["2021-01-01 14:00:00",[["5","1"]]],["2021-01-01 15:00:00",[["5","1"]]],["2021-01-01 16:00:00",[["5","1"]]],["2021-01-01 17:00:00",[["5","1"]]],["2021-01-01 18:00:00",[["5","1"]]],["2021-01-01 19:00:00",[["5","1"]]],["2021-01-01 20:00:00",[["5","1"]]],["2021-01-01 21:00:00",[["5","1"]]],["2021-01-01 22:00:00",[["5","1"]]],["2021-01-01 23:00:00",[["5","1"]]]],"DeviceNumber":"1","DeviceSelection":"0","MaxCoolCapacity":6000,"MiniCoolCapacity":0,"OptimizationChoice":"1","OutletTemp":[{"0":"2021-01-01 00:00:00","1":"20","ɵid":1839827506},{"0":"2021-01-01 01:00:00","1":"20","ɵid":720219782},{"0":"2021-01-01 02:00:00","1":"20","ɵid":1733639744},{"0":"2021-01-01 03:00:00","1":"20","ɵid":1905758072},{"0":"2021-01-01 04:00:00","1":"20","ɵid":2022963932},{"0":"2021-01-01 05:00:00","1":"20","ɵid":1415600571},{"0":"2021-01-01 06:00:00","1":"20","ɵid":1793340556},{"0":"2021-01-01 07:00:00","1":"20","ɵid":265283171},{"0":"2021-01-01 08:00:00","1":"20","ɵid":1830369040},{"0":"2021-01-01 09:00:00","1":"20","ɵid":2017232181},{"0":"2021-01-01 10:00:00","1":"20","ɵid":292352009},{"0":"2021-01-01 11:00:00","1":"20","ɵid":1300371018},{"0":"2021-01-01 12:00:00","1":"20","ɵid":806108378},{"0":"2021-01-01 13:00:00","1":"20","ɵid":1654507070},{"0":"2021-01-01 14:00:00","1":"20","ɵid":1407541251},{"0":"2021-01-01 15:00:00","1":"20","ɵid":511530590},{"0":"2021-01-01 16:00:00","1":"20","ɵid":853812479},{"0":"2021-01-01 17:00:00","1":"20","ɵid":1575347427},{"0":"2021-01-01 18:00:00","1":"20","ɵid":559095197},{"0":"2021-01-01 19:00:00","1":"20","ɵid":338298322},{"0":"2021-01-01 20:00:00","1":"20","ɵid":1697519520},{"0":"2021-01-01 21:00:00","1":"20","ɵid":1932805380},{"0":"2021-01-01 22:00:00","1":"20","ɵid":1680082660},{"0":"2021-01-01 23:00:00","1":"20","ɵid":941171806}],"SettingParaType":"0"},"canvas":"canvas_0","context":{},"definition":"model/IESLabPlan/ElectricConditioner","flip":false,"id":"component_electric_conditioner_1","label":"电压缩制冷机1","pins":{"AC":"","DC":"","Inlet":"","Outlet":""},"position":{"x":755,"y":795},"props":{"enabled":true},"shape":"diagram-component","size":{"height":100,"width":100},"style":{"--fill":"var(--spectrum-global-color-gray-100)","--fill-opacity":1,"--font-family":"var(--spectrum-global-font-family-base, Arial, Helvetica, sans-serif)","--stroke":"var(--spectrum-global-color-gray-900)","--stroke-opacity":1,"--stroke-width":2,"--text":"var(--spectrum-global-color-gray-900)","--text-opacity":1},"zIndex":49},"component_electric_load_2":{"args":{"CompName":"","CompType":"1","DemandChargePriceModel":"0","ElectricalLoad":"1659695819108276","PowerPriceModel":"1659929040080980"},"canvas":"canvas_0","context":{},"definition":"model/IESLabPlan/ElectricLoad","flip":false,"id":"component_electric_load_2","label":"电负荷1","pins":{"ACPin":"","DCPin":""},"position":{"x":1140,"y":275},"props":{"enabled":true},"shape":"diagram-component","size":{"height":120,"width":90},"style":{"--fill":"var(--spectrum-global-color-gray-100)","--fill-opacity":1,"--font-family":"var(--spectrum-global-font-family-base, Arial, Helvetica, sans-serif)","--stroke":"var(--spectrum-global-color-gray-900)","--stroke-opacity":1,"--stroke-width":2,"--text":"var(--spectrum-global-color-gray-900)","--text-opacity":1},"zIndex":78},"component_electric_load_3":{"args":{"CompName":"","CompType":"1","DemandChargePriceModel":"0","ElectricalLoad":"1659696027268612","PowerPriceModel":"1659929040080980"},"canvas":"canvas_0","context":{},"definition":"model/IESLabPlan/ElectricLoad","flip":false,"id":"component_electric_load_3","label":"电负荷1","pins":{"ACPin":"","DCPin":""},"position":{"x":1240,"y":270},"props":{"enabled":true},"shape":"diagram-component","size":{"height":120,"width":90},"style":{"--fill":"var(--spectrum-global-color-gray-100)","--fill-opacity":1,"--font-family":"var(--spectrum-global-font-family-base, Arial, Helvetica, sans-serif)","--stroke":"var(--spectrum-global-color-gray-900)","--stroke-opacity":1,"--stroke-width":2,"--text":"var(--spectrum-global-color-gray-900)","--text-opacity":1},"zIndex":79},"component_electric_load_4":{"args":{"CompName":"","CompType":"1","DemandChargePriceModel":"0","ElectricalLoad":"1659696038144654","PowerPriceModel":"1659929040080980"},"canvas":"canvas_0","context":{},"definition":"model/IESLabPlan/ElectricLoad","flip":false,"id":"component_electric_load_4","label":"电负荷1","pins":{"ACPin":"","DCPin":""},"position":{"x":1340,"y":270},"props":{"enabled":true},"shape":"diagram-component","size":{"height":120,"width":90},"style":{"--fill":"var(--spectrum-global-color-gray-100)","--fill-opacity":1,"--font-family":"var(--spectrum-global-font-family-base, Arial, Helvetica, sans-serif)","--stroke":"var(--spectrum-global-color-gray-900)","--stroke-opacity":1,"--stroke-width":2,"--text":"var(--spectrum-global-color-gray-900)","--text-opacity":1},"zIndex":80},"component_electric_load_5":{"args":{"CompName":"","CompType":"1","DemandChargePriceModel":"0","ElectricalLoad":"1659926998235882","PowerPriceModel":"1659929040080980"},"canvas":"canvas_0","context":{},"definition":"model/IESLabPlan/ElectricLoad","flip":false,"id":"component_electric_load_5","label":"电负荷1","pins":{"ACPin":"","DCPin":""},"position":{"x":1445,"y":270},"props":{"enabled":true},"shape":"diagram-component","size":{"height":120,"width":90},"style":{"--fill":"var(--spectrum-global-color-gray-100)","--fill-opacity":1,"--font-family":"var(--spectrum-global-font-family-base, Arial, Helvetica, sans-serif)","--stroke":"var(--spectrum-global-color-gray-900)","--stroke-opacity":1,"--stroke-width":2,"--text":"var(--spectrum-global-color-gray-900)","--text-opacity":1},"zIndex":81},"component_electric_load_6":{"args":{"CompName":"","CompType":"0","DemandChargePriceModel":"0","ElectricalLoad":"1659695466174630","PowerPriceModel":"1659929040080980"},"canvas":"canvas_0","context":{},"definition":"model/IESLabPlan/ElectricLoad","flip":false,"id":"component_electric_load_6","label":"电负荷2","pins":{"ACPin":"","DCPin":""},"position":{"x":790,"y":560},"props":{"enabled":true},"shape":"diagram-component","size":{"height":100,"width":80},"style":{"--fill":"var(--spectrum-global-color-gray-100)","--fill-opacity":1,"--font-family":"var(--spectrum-global-font-family-base, Arial, Helvetica, sans-serif)","--stroke":"var(--spectrum-global-color-gray-900)","--stroke-opacity":1,"--stroke-width":2,"--text":"var(--spectrum-global-color-gray-900)","--text-opacity":1},"zIndex":89},"component_electric_load_7":{"args":{"CompName":"","CompType":"0","DemandChargePriceModel":"0","ElectricalLoad":"1659695483421801","PowerPriceModel":"1659929040080980"},"canvas":"canvas_0","context":{},"definition":"model/IESLabPlan/ElectricLoad","flip":false,"id":"component_electric_load_7","label":"电负荷2","pins":{"ACPin":"","DCPin":""},"position":{"x":861.6666666666666,"y":560},"props":{"enabled":true},"shape":"diagram-component","size":{"height":100,"width":80},"style":{"--fill":"var(--spectrum-global-color-gray-100)","--fill-opacity":1,"--font-family":"var(--spectrum-global-font-family-base, Arial, Helvetica, sans-serif)","--stroke":"var(--spectrum-global-color-gray-900)","--stroke-opacity":1,"--stroke-width":2,"--text":"var(--spectrum-global-color-gray-900)","--text-opacity":1},"zIndex":90},"component_electric_load_8":{"args":{"CompName":"","CompType":"0","DemandChargePriceModel":"0","ElectricalLoad":"1659695521532436","PowerPriceModel":"1659929040080980"},"canvas":"canvas_0","context":{},"definition":"model/IESLabPlan/ElectricLoad","flip":false,"id":"component_electric_load_8","label":"电负荷2","pins":{"ACPin":"","DCPin":""},"position":{"x":933.3333333333333,"y":560},"props":{"enabled":true},"shape":"diagram-component","size":{"height":100,"width":80},"style":{"--fill":"var(--spectrum-global-color-gray-100)","--fill-opacity":1,"--font-family":"var(--spectrum-global-font-family-base, Arial, Helvetica, sans-serif)","--stroke":"var(--spectrum-global-color-gray-900)","--stroke-opacity":1,"--stroke-width":2,"--text":"var(--spectrum-global-color-gray-900)","--text-opacity":1},"zIndex":91},"component_electric_load_9":{"args":{"CompName":"","CompType":"0","DemandChargePriceModel":"0","ElectricalLoad":"1659695531433661","PowerPriceModel":"1659929040080980"},"canvas":"canvas_0","context":{},"definition":"model/IESLabPlan/ElectricLoad","flip":false,"id":"component_electric_load_9","label":"电负荷2","pins":{"ACPin":"","DCPin":""},"position":{"x":1005,"y":560},"props":{"enabled":true},"shape":"diagram-component","size":{"height":100,"width":80},"style":{"--fill":"var(--spectrum-global-color-gray-100)","--fill-opacity":1,"--font-family":"var(--spectrum-global-font-family-base, Arial, Helvetica, sans-serif)","--stroke":"var(--spectrum-global-color-gray-900)","--stroke-opacity":1,"--stroke-width":2,"--text":"var(--spectrum-global-color-gray-900)","--text-opacity":1},"zIndex":92},"component_external_power_source_1":{"args":{"Angle":"0","CompName":"","FuelModel":"1659929128820118","MiniNewEnergyAbsorbRate":0,"PurchasePriceModel":"1659929021345839","SalePriceModel":"0","Voltage":10},"canvas":"canvas_0","context":{},"definition":"model/IESLabPlan/ExternalPowerSource","flip":false,"id":"component_external_power_source_1","label":"外部电源1","pins":{"AC":""},"position":{"x":10,"y":5},"props":{"enabled":true},"shape":"diagram-component","size":{"height":120,"width":180},"style":{"--fill":"var(--spectrum-global-color-gray-100)","--fill-opacity":1,"--font-family":"var(--spectrum-global-font-family-base, Arial, Helvetica, sans-serif)","--stroke":"var(--spectrum-global-color-gray-900)","--stroke-opacity":1,"--stroke-width":2,"--text":"var(--spectrum-global-color-gray-900)","--text-opacity":1},"zIndex":1},"component_heat_pump_1":{"args":{"CompName":"","CompType":"0","DeviceNumber":"1","DeviceSelection":"0","EnergySupply":[["2021-01-01 00:00:00",[["1","1"]]],["2021-01-01 01:00:00",[["2","1"]]],["2021-01-01 02:00:00",[["3","1"]]],["2021-01-01 03:00:00",[["4","1"]]],["2021-01-01 04:00:00",[["5","1"]],"1"],["2021-01-01 05:00:00",[["5","1"]]],["2021-01-01 06:00:00",[["5","1"]]],["2021-01-01 07:00:00",[["5","1"]]],["2021-01-01 08:00:00",[["5","1"]]],["2021-01-01 09:00:00",[["5","1"]]],["2021-01-01 10:00:00",[["5","1"]]],["2021-01-01 11:00:00",[["5","1"]]],["2021-01-01 12:00:00",[["5","1"]]],["2021-01-01 13:00:00",[["5","1"]]],["2021-01-01 14:00:00",[["5","1"]]],["2021-01-01 15:00:00",[["5","1"]]],["2021-01-01 16:00:00",[["5","1"]]],["2021-01-01 17:00:00",[["5","1"]]],["2021-01-01 18:00:00",[["5","1"]]],["2021-01-01 19:00:00",[["5","1"]]],["2021-01-01 20:00:00",[["5","1"]]],["2021-01-01 21:00:00",[["5","1"]]],["2021-01-01 22:00:00",[["5","1"]]],["2021-01-01 23:00:00",[["5","1"]]]],"MaxCoolCapacity":7000,"MaxHeatCapacity":7000,"MiniCoolCapacity":0,"MiniHeatCapacity":0,"OptimizationChoice":"1","OutletTemp":[{"0":"2021-01-01 00:00:00","1":"60","ɵid":627784130},{"0":"2021-01-01 01:00:00","1":"60","ɵid":1108179927},{"0":"2021-01-01 02:00:00","1":"60","ɵid":1607031409},{"0":"2021-01-01 03:00:00","1":"60","ɵid":211708451},{"0":"2021-01-01 04:00:00","1":"60","ɵid":1550479574},{"0":"2021-01-01 05:00:00","1":"60","ɵid":1263083499},{"0":"2021-01-01 06:00:00","1":"60","ɵid":558831469},{"0":"2021-01-01 07:00:00","1":"60","ɵid":1554057069},{"0":"2021-01-01 08:00:00","1":"60","ɵid":1462927190},{"0":"2021-01-01 09:00:00","1":"60","ɵid":921952379},{"0":"2021-01-01 10:00:00","1":"60","ɵid":1344180068},{"0":"2021-01-01 11:00:00","1":"60","ɵid":1209396830},{"0":"2021-01-01 12:00:00","1":"60","ɵid":360114203},{"0":"2021-01-01 13:00:00","1":"60","ɵid":1472781845},{"0":"2021-01-01 14:00:00","1":"60","ɵid":1093029383},{"0":"2021-01-01 15:00:00","1":"60","ɵid":842670154},{"0":"2021-01-01 16:00:00","1":"60","ɵid":693772981},{"0":"2021-01-01 17:00:00","1":"60","ɵid":1597592712},{"0":"2021-01-01 18:00:00","1":"60","ɵid":581480362},{"0":"2021-01-01 19:00:00","1":"60","ɵid":1678307635},{"0":"2021-01-01 20:00:00","1":"60","ɵid":2143256946},{"0":"2021-01-01 21:00:00","1":"60","ɵid":1548756112},{"0":"2021-01-01 22:00:00","1":"60","ɵid":402600552},{"0":"2021-01-01 23:00:00","1":"60","ɵid":2031282021}],"SettingParaType":"0"},"canvas":"canvas_0","context":{},"definition":"model/IESLabPlan/HeatPump","flip":false,"id":"component_heat_pump_1","label":"热泵1","pins":{"AC":"","DC":"","WaterInlet":"","waterOutlet":""},"position":{"x":130,"y":505},"props":{"enabled":true},"shape":"diagram-component","size":{"height":120,"width":140},"style":{"--fill":"var(--spectrum-global-color-gray-100)","--fill-opacity":1,"--font-family":"var(--spectrum-global-font-family-base, Arial, Helvetica, sans-serif)","--stroke":"var(--spectrum-global-color-gray-900)","--stroke-opacity":1,"--stroke-width":2,"--text":"var(--spectrum-global-color-gray-900)","--text-opacity":1},"zIndex":8},"component_ies_flex_electric_load_1":{"args":{"CompName":"","CompType":"1","ElectricalLoad":"1659695614384454","MaxLoad":100,"OptimizationChoice":"1","PowerPriceModel":"1659929040080980"},"canvas":"canvas_0","context":{},"definition":"model/IESLabPlan/IES-FlexElectricLoad","flip":false,"id":"component_ies_flex_electric_load_1","label":"柔性电负荷1","pins":{"ACPin":"","DCPin":""},"position":{"x":1035,"y":275},"props":{"enabled":true},"shape":"diagram-component","size":{"height":120,"width":100},"style":{"--fill":"var(--spectrum-global-color-gray-100)","--fill-opacity":1,"--font-family":"var(--spectrum-global-font-family-base, Arial, Helvetica, sans-serif)","--stroke":"var(--spectrum-global-color-gray-900)","--stroke-opacity":1,"--stroke-width":2,"--text":"var(--spectrum-global-color-gray-900)","--text-opacity":1},"zIndex":87},"component_ies_flex_electric_load_2":{"args":{"CompName":"","CompType":"0","ElectricalLoad":"1659695596072791","MaxLoad":100,"OptimizationChoice":"1","PowerPriceModel":"1659929040080980"},"canvas":"canvas_0","context":{},"definition":"model/IESLabPlan/IES-FlexElectricLoad","flip":false,"id":"component_ies_flex_electric_load_2","label":"柔性电负荷2","pins":{"ACPin":"","DCPin":""},"position":{"x":1095,"y":545},"props":{"enabled":true},"shape":"diagram-component","size":{"height":120,"width":100},"style":{"--fill":"var(--spectrum-global-color-gray-100)","--fill-opacity":1,"--font-family":"var(--spectrum-global-font-family-base, Arial, Helvetica, sans-serif)","--stroke":"var(--spectrum-global-color-gray-900)","--stroke-opacity":1,"--stroke-width":2,"--text":"var(--spectrum-global-color-gray-900)","--text-opacity":1},"zIndex":93},"component_mmc_1":{"args":{"ACP":"100","ACQ":"0","ACTHETA":"0","ACV":"10","CompName":"","ControlStyle":"3","DCV":1,"DeviceSelection":"1660097118789677"},"canvas":"canvas_0","context":{},"definition":"model/IESLabPlan/MMC","flip":false,"id":"component_mmc_1","label":"模块化多电平变流器1","pins":{"AC":"","DC":""},"position":{"x":570,"y":65},"props":{"enabled":true},"shape":"diagram-component","size":{"height":80,"width":120},"style":{"--fill":"var(--spectrum-global-color-gray-100)","--fill-opacity":1,"--font-family":"var(--spectrum-global-font-family-base, Arial, Helvetica, sans-serif)","--stroke":"var(--spectrum-global-color-gray-900)","--stroke-opacity":1,"--stroke-width":2,"--text":"var(--spectrum-global-color-gray-900)","--text-opacity":1},"zIndex":59},"component_photovoltaic_1":{"args":{"CompName":"","CompType":"1","DeviceNumber":10,"DeviceSelection":"1659350007693096","DipAngle":"30","LossCoes":[{"0":"直流电缆损失","1":"98","ɵid":119838046},{"0":"光伏组件串并联不匹配损失","1":"99","ɵid":951708956},{"0":"灰尘及雨雪遮挡损失","1":"97","ɵid":285764398},{"0":"交流线路损失","1":"99","ɵid":666359824},{"0":"逆变器MPPT的效率损失","1":"96","ɵid":542840425},{"0":"太阳辐射入射（IAM）损失","1":"97","ɵid":268430986},{"0":"变压器损失","1":"99","ɵid":456227238}],"MaxPanelArea":5,"MiniPanelArea":0,"OptimizationChoice":"0","PowerCurve":[["2021-01-01 00:00:00","100"],["2021-01-01 01:00:00","100"],["2021-01-01 02:00:00","100"],["2021-01-01 03:00:00","100"],["2021-01-01 04:00:00","100"],["2021-01-01 05:00:00","100"],["2021-01-01 06:00:00","100"],["2021-01-01 07:00:00","100"],["2021-01-01 08:00:00","100"],["2021-01-01 09:00:00","100"],["2021-01-01 10:00:00","100"],["2021-01-01 11:00:00","100"],["2021-01-01 12:00:00","100"],["2021-01-01 13:00:00","100"],["2021-01-01 14:00:00","100"],["2021-01-01 15:00:00","100"],["2021-01-01 16:00:00","100"],["2021-01-01 17:00:00","100"],["2021-01-01 18:00:00","100"],["2021-01-01 19:00:00","100"],["2021-01-01 20:00:00","100"],["2021-01-01 21:00:00","100"],["2021-01-01 22:00:00","100"],["2021-01-01 23:00:00","100"]],"PowerMode":"0","Strategy":[{"0":"2021-01-01 00:00:00","1":"10","ɵid":543696520},{"0":"2021-01-01 01:00:00","1":"10","ɵid":2133333610},{"0":"2021-01-01 02:00:00","1":"10","ɵid":1165938996},{"0":"2021-01-01 03:00:00","1":"10","ɵid":1473135579},{"0":"2021-01-01 04:00:00","1":"10","ɵid":1285827772},{"0":"2021-01-01 05:00:00","1":"10","ɵid":1086732727},{"0":"2021-01-01 06:00:00","1":"10","ɵid":2135593702},{"0":"2021-01-01 07:00:00","1":"10","ɵid":413376079},{"0":"2021-01-01 08:00:00","1":"10","ɵid":2083565879},{"0":"2021-01-01 09:00:00","1":"10","ɵid":1481344122},{"0":"2021-01-01 10:00:00","1":"10","ɵid":2091178417},{"0":"2021-01-01 11:00:00","1":"10","ɵid":1052818228},{"0":"2021-01-01 12:00:00","1":"10","ɵid":55849091},{"0":"2021-01-01 13:00:00","1":"10","ɵid":1217530858},{"0":"2021-01-01 14:00:00","1":"10","ɵid":1197028377},{"0":"2021-01-01 15:00:00","1":"10","ɵid":699034445},{"0":"2021-01-01 16:00:00","1":"10","ɵid":1753273613},{"0":"2021-01-01 17:00:00","1":"10","ɵid":800012765},{"0":"2021-01-01 18:00:00","1":"10","ɵid":1548132663},{"0":"2021-01-01 19:00:00","1":"10","ɵid":1395048001},{"0":"2021-01-01 20:00:00","1":"10","ɵid":1791224523},{"0":"2021-01-01 21:00:00","1":"10","ɵid":1429315801},{"0":"2021-01-01 22:00:00","1":"10","ɵid":1307428068},{"0":"2021-01-01 23:00:00","1":"10","ɵid":1949964647}],"TrackingMethod":"0"},"canvas":"canvas_0","context":{},"definition":"model/IESLabPlan/Photovoltaic","flip":false,"id":"component_photovoltaic_1","label":"光伏发电系统1","pins":{"AC":"","DC":""},"position":{"x":630,"y":290},"props":{"enabled":true},"shape":"diagram-component","size":{"height":80,"width":120},"style":{"--fill":"var(--spectrum-global-color-gray-100)","--fill-opacity":1,"--font-family":"var(--spectrum-global-font-family-base, Arial, Helvetica, sans-serif)","--stroke":"var(--spectrum-global-color-gray-900)","--stroke-opacity":1,"--stroke-width":2,"--text":"var(--spectrum-global-color-gray-900)","--text-opacity":1},"zIndex":68},"component_thermal_load_1":{"args":{"CompName":"采暖制冷负荷","CoolingPriceModel":"1659929010620490","HeatPriceModel":"1659928999649585","HeatingLoad":"1659694889401835","LocalPressureDropCoe":"10","MaxOutletColdTemp":"30","MaxOutletHeatTemp":"100","MiniOutletColdTemp":"-10","MiniOutletHeatTemp":"30"},"canvas":"canvas_0","context":{},"definition":"model/IESLabPlan/ThermalLoad","flip":true,"id":"component_thermal_load_1","label":"采暖制冷负荷1","pins":{"WaterInput":"","WaterOutput":""},"position":{"x":170,"y":1185},"props":{"enabled":true},"shape":"diagram-component","size":{"height":90,"width":100},"style":{"--fill":"var(--spectrum-global-color-gray-100)","--fill-opacity":1,"--font-family":"var(--spectrum-global-font-family-base, Arial, Helvetica, sans-serif)","--stroke":"var(--spectrum-global-color-gray-900)","--stroke-opacity":1,"--stroke-width":2,"--text":"var(--spectrum-global-color-gray-900)","--text-opacity":1},"zIndex":11},"component_thermal_load_10":{"args":{"CompName":"采暖制冷负荷","CoolingPriceModel":"1659929010620490","HeatPriceModel":"1659928999649585","HeatingLoad":"1659694953606381","LocalPressureDropCoe":"10","MaxOutletColdTemp":"30","MaxOutletHeatTemp":"100","MiniOutletColdTemp":"-10","MiniOutletHeatTemp":"30"},"canvas":"canvas_0","context":{},"definition":"model/IESLabPlan/ThermalLoad","flip":true,"id":"component_thermal_load_10","label":"采暖制冷负荷1","pins":{"WaterInput":"","WaterOutput":""},"position":{"x":757.5,"y":1125},"props":{"enabled":true},"shape":"diagram-component","size":{"height":90,"width":100},"style":{"--fill":"var(--spectrum-global-color-gray-100)","--fill-opacity":1,"--font-family":"var(--spectrum-global-font-family-base, Arial, Helvetica, sans-serif)","--stroke":"var(--spectrum-global-color-gray-900)","--stroke-opacity":1,"--stroke-width":2,"--text":"var(--spectrum-global-color-gray-900)","--text-opacity":1},"zIndex":34},"component_thermal_load_11":{"args":{"CompName":"采暖制冷负荷","CoolingPriceModel":"1659929010620490","HeatPriceModel":"1659928999649585","HeatingLoad":"1659694926169694","LocalPressureDropCoe":"10","MaxOutletColdTemp":"30","MaxOutletHeatTemp":"100","MiniOutletColdTemp":"-10","MiniOutletHeatTemp":"30"},"canvas":"canvas_0","context":{},"definition":"model/IESLabPlan/ThermalLoad","flip":true,"id":"component_thermal_load_11","label":"采暖制冷负荷1","pins":{"WaterInput":"","WaterOutput":""},"position":{"x":757.5,"y":1015},"props":{"enabled":true},"shape":"diagram-component","size":{"height":90,"width":100},"style":{"--fill":"var(--spectrum-global-color-gray-100)","--fill-opacity":1,"--font-family":"var(--spectrum-global-font-family-base, Arial, Helvetica, sans-serif)","--stroke":"var(--spectrum-global-color-gray-900)","--stroke-opacity":1,"--stroke-width":2,"--text":"var(--spectrum-global-color-gray-900)","--text-opacity":1},"zIndex":35},"component_thermal_load_12":{"args":{"CompName":"采暖制冷负荷","CoolingPriceModel":"1659929010620490","HeatPriceModel":"1659928999649585","HeatingLoad":"1659694900945456","LocalPressureDropCoe":"10","MaxOutletColdTemp":"30","MaxOutletHeatTemp":"100","MiniOutletColdTemp":"-10","MiniOutletHeatTemp":"30"},"canvas":"canvas_0","context":{},"definition":"model/IESLabPlan/ThermalLoad","flip":true,"id":"component_thermal_load_12","label":"采暖制冷负荷1","pins":{"WaterInput":"","WaterOutput":""},"position":{"x":757.5,"y":910},"props":{"enabled":true},"shape":"diagram-component","size":{"height":90,"width":100},"style":{"--fill":"var(--spectrum-global-color-gray-100)","--fill-opacity":1,"--font-family":"var(--spectrum-global-font-family-base, Arial, Helvetica, sans-serif)","--stroke":"var(--spectrum-global-color-gray-900)","--stroke-opacity":1,"--stroke-width":2,"--text":"var(--spectrum-global-color-gray-900)","--text-opacity":1},"zIndex":36},"component_thermal_load_4":{"args":{"CompName":"采暖制冷负荷","CoolingPriceModel":"1659929010620490","HeatPriceModel":"1659928999649585","HeatingLoad":"1659694873239458","LocalPressureDropCoe":"10","MaxOutletColdTemp":"30","MaxOutletHeatTemp":"100","MiniOutletColdTemp":"-10","MiniOutletHeatTemp":"30"},"canvas":"canvas_0","context":{},"definition":"model/IESLabPlan/ThermalLoad","flip":true,"id":"component_thermal_load_4","label":"采暖制冷负荷1","pins":{"WaterInput":"","WaterOutput":""},"position":{"x":167.5,"y":1095},"props":{"enabled":true},"shape":"diagram-component","size":{"height":90,"width":100},"style":{"--fill":"var(--spectrum-global-color-gray-100)","--fill-opacity":1,"--font-family":"var(--spectrum-global-font-family-base, Arial, Helvetica, sans-serif)","--stroke":"var(--spectrum-global-color-gray-900)","--stroke-opacity":1,"--stroke-width":2,"--text":"var(--spectrum-global-color-gray-900)","--text-opacity":1},"zIndex":16},"component_thermal_load_5":{"args":{"CompName":"采暖制冷负荷","CoolingPriceModel":"1659929010620490","HeatPriceModel":"1659928999649585","HeatingLoad":"1659694854681215","LocalPressureDropCoe":"10","MaxOutletColdTemp":"30","MaxOutletHeatTemp":"100","MiniOutletColdTemp":"-10","MiniOutletHeatTemp":"30"},"canvas":"canvas_0","context":{},"definition":"model/IESLabPlan/ThermalLoad","flip":true,"id":"component_thermal_load_5","label":"采暖制冷负荷1","pins":{"WaterInput":"","WaterOutput":""},"position":{"x":167.5,"y":990},"props":{"enabled":true},"shape":"diagram-component","size":{"height":90,"width":100},"style":{"--fill":"var(--spectrum-global-color-gray-100)","--fill-opacity":1,"--font-family":"var(--spectrum-global-font-family-base, Arial, Helvetica, sans-serif)","--stroke":"var(--spectrum-global-color-gray-900)","--stroke-opacity":1,"--stroke-width":2,"--text":"var(--spectrum-global-color-gray-900)","--text-opacity":1},"zIndex":17},"component_thermal_load_6":{"args":{"CompName":"采暖制冷负荷","CoolingPriceModel":"1659929010620490","HeatPriceModel":"1659928999649585","HeatingLoad":"1659694840709708","LocalPressureDropCoe":"10","MaxOutletColdTemp":"30","MaxOutletHeatTemp":"100","MiniOutletColdTemp":"-10","MiniOutletHeatTemp":"30"},"canvas":"canvas_0","context":{},"definition":"model/IESLabPlan/ThermalLoad","flip":true,"id":"component_thermal_load_6","label":"采暖制冷负荷1","pins":{"WaterInput":"","WaterOutput":""},"position":{"x":167.5,"y":880},"props":{"enabled":true},"shape":"diagram-component","size":{"height":90,"width":100},"style":{"--fill":"var(--spectrum-global-color-gray-100)","--fill-opacity":1,"--font-family":"var(--spectrum-global-font-family-base, Arial, Helvetica, sans-serif)","--stroke":"var(--spectrum-global-color-gray-900)","--stroke-opacity":1,"--stroke-width":2,"--text":"var(--spectrum-global-color-gray-900)","--text-opacity":1},"zIndex":18},"component_thermal_load_7":{"args":{"CompName":"采暖制冷负荷","CoolingPriceModel":"1659929010620490","HeatPriceModel":"1659928999649585","HeatingLoad":"1659694832820186","LocalPressureDropCoe":"10","MaxOutletColdTemp":"30","MaxOutletHeatTemp":"100","MiniOutletColdTemp":"-10","MiniOutletHeatTemp":"30"},"canvas":"canvas_0","context":{},"definition":"model/IESLabPlan/ThermalLoad","flip":true,"id":"component_thermal_load_7","label":"采暖制冷负荷1","pins":{"WaterInput":"","WaterOutput":""},"position":{"x":167.5,"y":775},"props":{"enabled":true},"shape":"diagram-component","size":{"height":90,"width":100},"style":{"--fill":"var(--spectrum-global-color-gray-100)","--fill-opacity":1,"--font-family":"var(--spectrum-global-font-family-base, Arial, Helvetica, sans-serif)","--stroke":"var(--spectrum-global-color-gray-900)","--stroke-opacity":1,"--stroke-width":2,"--text":"var(--spectrum-global-color-gray-900)","--text-opacity":1},"zIndex":19},"component_thermal_load_8":{"args":{"CompName":"采暖制冷负荷","CoolingPriceModel":"1659929010620490","HeatPriceModel":"1659928999649585","HeatingLoad":"1659695307954548","LocalPressureDropCoe":"10","MaxOutletColdTemp":"30","MaxOutletHeatTemp":"100","MiniOutletColdTemp":"-10","MiniOutletHeatTemp":"30"},"canvas":"canvas_0","context":{},"definition":"model/IESLabPlan/ThermalLoad","flip":true,"id":"component_thermal_load_8","label":"采暖制冷负荷1","pins":{"WaterInput":"","WaterOutput":""},"position":{"x":760,"y":1330},"props":{"enabled":true},"shape":"diagram-component","size":{"height":90,"width":100},"style":{"--fill":"var(--spectrum-global-color-gray-100)","--fill-opacity":1,"--font-family":"var(--spectrum-global-font-family-base, Arial, Helvetica, sans-serif)","--stroke":"var(--spectrum-global-color-gray-900)","--stroke-opacity":1,"--stroke-width":2,"--text":"var(--spectrum-global-color-gray-900)","--text-opacity":1},"zIndex":32},"component_thermal_load_9":{"args":{"CompName":"采暖制冷负荷","CoolingPriceModel":"1659929010620490","HeatPriceModel":"1659928999649585","HeatingLoad":"1659694989467511","LocalPressureDropCoe":"10","MaxOutletColdTemp":"30","MaxOutletHeatTemp":"100","MiniOutletColdTemp":"-10","MiniOutletHeatTemp":"30"},"canvas":"canvas_0","context":{},"definition":"model/IESLabPlan/ThermalLoad","flip":true,"id":"component_thermal_load_9","label":"采暖制冷负荷1","pins":{"WaterInput":"","WaterOutput":""},"position":{"x":757.5,"y":1230},"props":{"enabled":true},"shape":"diagram-component","size":{"height":90,"width":100},"style":{"--fill":"var(--spectrum-global-color-gray-100)","--fill-opacity":1,"--font-family":"var(--spectrum-global-font-family-base, Arial, Helvetica, sans-serif)","--stroke":"var(--spectrum-global-color-gray-900)","--stroke-opacity":1,"--stroke-width":2,"--text":"var(--spectrum-global-color-gray-900)","--text-opacity":1},"zIndex":33},"component_transfer_line_1":{"args":{"CompName":"","CompType":"1","DeviceSelection":"1661332065942303","Length":"1"},"canvas":"canvas_0","context":{},"definition":"model/IESLabPlan/TransferLine","flip":false,"id":"component_transfer_line_1","label":"传输线1","pins":{"AC_Inlet":"","AC_Outlet":"","DC_Inlet":"","DC_Outlet":""},"position":{"x":740,"y":105},"props":{"enabled":true},"shape":"diagram-component","size":{"height":23,"width":120},"style":{"--fill":"var(--spectrum-global-color-gray-100)","--fill-opacity":1,"--font-family":"var(--spectrum-global-font-family-base, Arial, Helvetica, sans-serif)","--stroke":"var(--spectrum-global-color-gray-900)","--stroke-opacity":1,"--stroke-width":2,"--text":"var(--spectrum-global-color-gray-900)","--text-opacity":1},"zIndex":101},"component_transfer_line_2":{"args":{"CompName":"","CompType":"1","DeviceSelection":"1661332065942303","Length":"1"},"canvas":"canvas_0","context":{},"definition":"model/IESLabPlan/TransferLine","flip":false,"id":"component_transfer_line_2","label":"传输线1","pins":{"AC_Inlet":"","AC_Outlet":"","DC_Inlet":"","DC_Outlet":""},"position":{"x":1015,"y":105},"props":{"enabled":true},"shape":"diagram-component","size":{"height":23,"width":120},"style":{"--fill":"var(--spectrum-global-color-gray-100)","--fill-opacity":1,"--font-family":"var(--spectrum-global-font-family-base, Arial, Helvetica, sans-serif)","--stroke":"var(--spectrum-global-color-gray-900)","--stroke-opacity":1,"--stroke-width":2,"--text":"var(--spectrum-global-color-gray-900)","--text-opacity":1},"zIndex":104},"component_transformer_1":{"angle":90,"args":{"CompName":"","DeviceSelection":"1659927939667747"},"canvas":"canvas_0","context":{},"definition":"model/IESLabPlan/Transformer","flip":false,"id":"component_transformer_1","label":"交流变压器1","pins":{"AC1":"","AC2":""},"position":{"x":85,"y":270},"props":{"enabled":true},"shape":"diagram-component","size":{"height":120,"width":200},"style":{"--fill":"var(--spectrum-global-color-gray-100)","--fill-opacity":1,"--font-family":"var(--spectrum-global-font-family-base, Arial, Helvetica, sans-serif)","--stroke":"var(--spectrum-global-color-gray-900)","--stroke-opacity":1,"--stroke-width":2,"--text":"var(--spectrum-global-color-gray-900)","--text-opacity":1},"zIndex":5},"component_wind_turbine_1":{"args":{"CompName":"","CompType":"1","DeviceNumber":10,"DeviceSelection":"1686903428486630","MaxPowerGenCapacity":"2000","MiniPowerGenCapacity":0,"OperateParam":[{"0":"2021-01-01 00:00:00","1":"10","ɵid":420172258},{"0":"2021-01-01 01:00:00","1":"10","ɵid":2147354239},{"0":"2021-01-01 02:00:00","1":"10","ɵid":1328072020},{"0":"2021-01-01 03:00:00","1":"10","ɵid":893414155},{"0":"2021-01-01 04:00:00","1":"10","ɵid":811317141},{"0":"2021-01-01 05:00:00","1":"10","ɵid":1882872810},{"0":"2021-01-01 06:00:00","1":"10","ɵid":244363934},{"0":"2021-01-01 07:00:00","1":"10","ɵid":2012590866},{"0":"2021-01-01 08:00:00","1":"10","ɵid":567793842},{"0":"2021-01-01 09:00:00","1":"10","ɵid":14882222},{"0":"2021-01-01 10:00:00","1":"10","ɵid":766750233},{"0":"2021-01-01 11:00:00","1":"10","ɵid":1971796913},{"0":"2021-01-01 12:00:00","1":"10","ɵid":1537806343},{"0":"2021-01-01 13:00:00","1":"10","ɵid":515820641},{"0":"2021-01-01 14:00:00","1":"10","ɵid":1918091},{"0":"2021-01-01 15:00:00","1":"10","ɵid":242658082},{"0":"2021-01-01 16:00:00","1":"10","ɵid":901885047},{"0":"2021-01-01 17:00:00","1":"10","ɵid":72402816},{"0":"2021-01-01 18:00:00","1":"10","ɵid":177046135},{"0":"2021-01-01 19:00:00","1":"10","ɵid":27535135},{"0":"2021-01-01 20:00:00","1":"10","ɵid":1823510479},{"0":"2021-01-01 21:00:00","1":"10","ɵid":31978970},{"0":"2021-01-01 22:00:00","1":"10","ɵid":439048687},{"0":"2021-01-01 23:00:00","1":"10","ɵid":1929535953}],"OptimizationChoice":"0","PowerCurve":[["2021-01-01 00:00:00","259"],["2021-01-01 01:00:00","0"],["2021-01-01 02:00:00","0"],["2021-01-01 03:00:00","297"],["2021-01-01 04:00:00","236"],["2021-01-01 05:00:00","314"],["2021-01-01 06:00:00","223"],["2021-01-01 07:00:00","233"],["2021-01-01 08:00:00","256"],["2021-01-01 09:00:00","212"],["2021-01-01 10:00:00","268"],["2021-01-01 11:00:00","303"],["2021-01-01 12:00:00","232"],["2021-01-01 13:00:00","208"],["2021-01-01 14:00:00","316"],["2021-01-01 15:00:00","320"],["2021-01-01 16:00:00","0"],["2021-01-01 17:00:00","0"],["2021-01-01 18:00:00","0"],["2021-01-01 19:00:00","0"],["2021-01-01 20:00:00","226"],["2021-01-01 21:00:00","220"],["2021-01-01 22:00:00","297"],["2021-01-01 23:00:00","0"]],"PowerMode":"0"},"canvas":"canvas_0","context":{},"definition":"model/IESLabPlan/WindTurbine","flip":true,"id":"component_wind_turbine_1","label":"风力发电机1","pins":{"AC":"","DC":""},"position":{"x":895,"y":250},"props":{"enabled":true},"shape":"diagram-component","size":{"height":120,"width":100},"style":{"--fill":"var(--spectrum-global-color-gray-100)","--fill-opacity":1,"--font-family":"var(--spectrum-global-font-family-base, Arial, Helvetica, sans-serif)","--stroke":"var(--spectrum-global-color-gray-900)","--stroke-opacity":1,"--stroke-width":2,"--text":"var(--spectrum-global-color-gray-900)","--text-opacity":1},"zIndex":70},"edge_0DeWQVRhqPKH":{"attrs":{"root":{"style":{"--stroke":"var(--edge-water-stroke,var(--edge-stroke))","--stroke-opacity":1,"--stroke-width":4}}},"canvas":"canvas_0","id":"edge_0DeWQVRhqPKH","shape":"diagram-edge","source":{"anchor":{"name":"center"},"cell":"component_thermal_load_7","port":"WaterInput"},"target":{"anchor":{"args":{"ratio":0.1295714424540831},"name":"ratio"},"cell":"edge_Ayjw0Wcjz8DJ"},"vertices":[],"zIndex":20},"edge_1Y5T0aQ1KYGm":{"attrs":{"root":{"style":{"--stroke":"var(--edge-water-stroke,var(--edge-stroke))","--stroke-opacity":1,"--stroke-width":4}}},"canvas":"canvas_0","id":"edge_1Y5T0aQ1KYGm","shape":"diagram-edge","source":{"anchor":{"name":"center"},"cell":"component_thermal_load_5","port":"WaterOutput"},"target":{"anchor":{"args":{"ratio":0.3837034760717199},"name":"ratio"},"cell":"edge_A2o6AV1PjNlB"},"vertices":[],"zIndex":25},"edge_1qVnVybjiemH":{"attrs":{"line":{"sourceMarker":{"args":{"cx":0,"r":0.5},"name":"circle"},"stroke":"var(--stroke)","strokeWidth":"var(--stroke-width)","targetMarker":{"args":{"cx":0,"r":0.5},"name":"circle"}},"lines":{"connection":true,"strokeLinejoin":"round"},"root":{"style":{"--stroke":"var(--edge-electricalDc-stroke,var(--edge-stroke))","--stroke-opacity":1,"--stroke-width":4}}},"canvas":"canvas_0","id":"edge_1qVnVybjiemH","shape":"diagram-edge","source":{"anchor":{"name":"center"},"cell":"component_wind_turbine_1","port":"DC"},"target":{"anchor":{"args":{"dx":"17.741935483870968%","dy":"0%","rotate":true},"name":"center"},"cell":"component_bus_node_4","port":"1","selector":"> rect:nth-child(2)"},"vertices":[],"zIndex":71},"edge_4uJyU1C5cBPI":{"attrs":{"root":{"style":{"--stroke":"var(--edge-water-stroke,var(--edge-stroke))","--stroke-opacity":1,"--stroke-width":4}}},"canvas":"canvas_0","id":"edge_4uJyU1C5cBPI","shape":"diagram-edge","source":{"anchor":{"name":"center"},"cell":"component_thermal_load_6","port":"WaterOutput"},"target":{"anchor":{"args":{"ratio":0.5196260356708075},"name":"ratio"},"cell":"edge_A2o6AV1PjNlB"},"vertices":[],"zIndex":23},"edge_4ySYGMmS9gGz":{"attrs":{"root":{"style":{"--stroke":"var(--edge-water-stroke,var(--edge-stroke))","--stroke-opacity":1,"--stroke-width":4}}},"canvas":"canvas_0","id":"edge_4ySYGMmS9gGz","shape":"diagram-edge","source":{"anchor":{"name":"center"},"cell":"component_absorption_chiller_1","port":"SecondaryInlet"},"target":{"anchor":{"args":{"ratio":0.743358044726392},"name":"ratio"},"cell":"edge_ahfPONCDJgaG"},"vertices":[],"zIndex":51},"edge_5U626aVn5ThA":{"attrs":{"root":{"style":{"--stroke":"var(--edge-water-stroke,var(--edge-stroke))","--stroke-opacity":1,"--stroke-width":4}}},"canvas":"canvas_0","id":"edge_5U626aVn5ThA","shape":"diagram-edge","source":{"anchor":{"name":"center"},"cell":"component_absorption_chiller_1","port":"PrimaryInlet"},"target":{"anchor":{"args":{"ratio":0.034047189404514656},"name":"ratio"},"cell":"edge_Ayjw0Wcjz8DJ"},"vertices":[{"x":425,"y":780}],"zIndex":29},"edge_5juaMT54uF10":{"attrs":{"line":{"sourceMarker":{"args":{"cx":0,"r":0.5},"name":"circle"},"stroke":"var(--stroke)","strokeWidth":"var(--stroke-width)","targetMarker":{"args":{"cx":0,"r":0.5},"name":"circle"}},"lines":{"connection":true,"strokeLinejoin":"round"},"root":{"style":{"--stroke":"var(--edge-electricalDc-stroke,var(--edge-stroke))","--stroke-opacity":1,"--stroke-width":4}}},"canvas":"canvas_0","id":"edge_5juaMT54uF10","shape":"diagram-edge","source":{"anchor":{"name":"center"},"cell":"component_battery_1","port":"DC"},"target":{"anchor":{"args":{"dx":"-14.516129032258066%","dy":"0%","rotate":true},"name":"center"},"cell":"component_bus_node_4","port":"1","selector":"> rect:nth-child(2)"},"vertices":[],"zIndex":100},"edge_6CPU3X4CyW0H":{"attrs":{"line":{"sourceMarker":{"args":{"cx":0,"r":0.5},"name":"circle"},"stroke":"var(--stroke)","strokeWidth":"var(--stroke-width)","targetMarker":{"args":{"cx":0,"r":0.5},"name":"circle"}},"lines":{"connection":true,"strokeLinejoin":"round"},"root":{"style":{"--stroke":"var(--edge-electricalAc-stroke,var(--edge-stroke))","--stroke-opacity":1,"--stroke-width":4}}},"canvas":"canvas_0","id":"edge_6CPU3X4CyW0H","shape":"diagram-edge","source":{"anchor":{"name":"center"},"cell":"component_transformer_1","port":"AC1"},"target":{"anchor":{"args":{"dx":"-39.130434782608695%","dy":"0%","rotate":true},"name":"center"},"cell":"component_bus_node_1","port":"0","selector":"> rect:nth-child(2)"},"vertices":[],"zIndex":6},"edge_6PWmaDZoeVFX":{"attrs":{"line":{"sourceMarker":{"args":{"cx":0,"r":0.5},"name":"circle"},"stroke":"var(--stroke)","strokeWidth":"var(--stroke-width)","targetMarker":{"args":{"cx":0,"r":0.5},"name":"circle"}},"lines":{"connection":true,"strokeLinejoin":"round"},"root":{"style":{"--stroke":"var(--edge-electricalDc-stroke,var(--edge-stroke))","--stroke-opacity":1,"--stroke-width":4}}},"canvas":"canvas_0","id":"edge_6PWmaDZoeVFX","shape":"diagram-edge","source":{"anchor":{"name":"center"},"cell":"component_electric_load_4","port":"DCPin"},"target":{"anchor":{"args":{"dx":"19.791666666666664%","dy":"0%","rotate":true},"name":"center"},"cell":"component_bus_node_5","port":"1","selector":"> rect:nth-child(2)"},"vertices":[],"zIndex":83},"edge_7Hrb4BJTelL1":{"attrs":{"line":{"sourceMarker":{"args":{"cx":0,"r":0.5},"name":"circle"},"stroke":"var(--stroke)","strokeWidth":"var(--stroke-width)","targetMarker":{"args":{"cx":0,"r":0.5},"name":"circle"}},"lines":{"connection":true,"strokeLinejoin":"round"},"root":{"style":{"--stroke":"var(--edge-electricalDc-stroke,var(--edge-stroke))","--stroke-opacity":1,"--stroke-width":4}}},"canvas":"canvas_0","id":"edge_7Hrb4BJTelL1","shape":"diagram-edge","source":{"anchor":{"name":"center"},"cell":"component_photovoltaic_1","port":"DC"},"target":{"anchor":{"args":{"dx":"-45%","dy":"0%","rotate":true},"name":"center"},"cell":"component_bus_node_4","port":"1","selector":"> rect:nth-child(2)"},"vertices":[],"zIndex":69},"edge_A2o6AV1PjNlB":{"attrs":{"line":{"sourceMarker":{"args":{"cx":0,"r":0.5},"name":"circle"},"stroke":"var(--stroke)","strokeWidth":"var(--stroke-width)","targetMarker":{"args":{"cx":0,"r":0.5},"name":"circle"}},"lines":{"connection":true,"strokeLinejoin":"round"},"root":{"style":{"--stroke":"var(--edge-water-stroke,var(--edge-stroke))","--stroke-opacity":1,"--stroke-width":4}}},"canvas":"canvas_0","id":"edge_A2o6AV1PjNlB","shape":"diagram-edge","source":{"anchor":{"name":"center"},"cell":"component_thermal_load_1","port":"WaterOutput"},"target":{"anchor":{"name":"center"},"cell":"component_heat_pump_1","port":"WaterInlet"},"vertices":[{"x":60,"y":1217.14}],"zIndex":13},"edge_AXVmmeBHsPMt":{"attrs":{"line":{"sourceMarker":{"args":{"cx":0,"r":0.5},"name":"circle"},"stroke":"var(--stroke)","strokeWidth":"var(--stroke-width)","targetMarker":{"args":{"cx":0,"r":0.5},"name":"circle"}},"lines":{"connection":true,"strokeLinejoin":"round"},"root":{"style":{"--stroke":"var(--edge-electricalAc-stroke,var(--edge-stroke))","--stroke-opacity":1,"--stroke-width":4}}},"canvas":"canvas_0","id":"edge_AXVmmeBHsPMt","shape":"diagram-edge","source":{"anchor":{"name":"center"},"cell":"component_transformer_1","port":"AC2"},"target":{"anchor":{"args":{"dx":"-33%","dy":"0%","rotate":true},"name":"center"},"cell":"component_bus_node_2","port":"0","selector":"> rect:nth-child(2)"},"vertices":[],"zIndex":7},"edge_Ayjw0Wcjz8DJ":{"attrs":{"line":{"sourceMarker":{"args":{"cx":0,"r":0.5},"name":"circle"},"stroke":"var(--stroke)","strokeWidth":"var(--stroke-width)","targetMarker":{"args":{"cx":0,"r":0.5},"name":"circle"}},"lines":{"connection":true,"strokeLinejoin":"round"},"root":{"style":{"--stroke":"var(--edge-water-stroke,var(--edge-stroke))","--stroke-opacity":1,"--stroke-width":4}}},"canvas":"canvas_0","id":"edge_Ayjw0Wcjz8DJ","shape":"diagram-edge","source":{"anchor":{"name":"center"},"cell":"component_centrifugal_pump_1","port":"waterOutlet"},"target":{"anchor":{"name":"center"},"cell":"component_thermal_load_1","port":"WaterInput"},"vertices":[{"x":372.78,"y":850}],"zIndex":12},"edge_BBK0drbbBrDY":{"attrs":{"root":{"style":{"--stroke":"var(--edge-water-stroke,var(--edge-stroke))","--stroke-opacity":1,"--stroke-width":4}}},"canvas":"canvas_0","id":"edge_BBK0drbbBrDY","shape":"diagram-edge","source":{"anchor":{"name":"center"},"cell":"component_thermal_load_4","port":"WaterInput"},"target":{"anchor":{"args":{"ratio":0.6478572122704155},"name":"ratio"},"cell":"edge_Ayjw0Wcjz8DJ"},"vertices":[],"zIndex":27},"edge_DYdzbiZ7DwGu":{"attrs":{"root":{"style":{"--stroke":"var(--edge-water-stroke,var(--edge-stroke))","--stroke-opacity":1,"--stroke-width":4}}},"canvas":"canvas_0","id":"edge_DYdzbiZ7DwGu","shape":"diagram-edge","source":{"anchor":{"name":"center"},"cell":"component_thermal_load_7","port":"WaterOutput"},"target":{"anchor":{"args":{"ratio":0.6437292422612786},"name":"ratio"},"cell":"edge_A2o6AV1PjNlB"},"vertices":[],"zIndex":21},"edge_Dbd0Vfggt8gh":{"attrs":{"root":{"style":{"--stroke":"var(--edge-water-stroke,var(--edge-stroke))","--stroke-opacity":1,"--stroke-width":4}}},"canvas":"canvas_0","id":"edge_Dbd0Vfggt8gh","shape":"diagram-edge","source":{"anchor":{"name":"center"},"cell":"component_thermal_load_9","port":"WaterOutput"},"target":{"anchor":{"args":{"ratio":0.26550994598555683},"name":"ratio"},"cell":"edge_ahfPONCDJgaG"},"vertices":[],"zIndex":47},"edge_DwZHC2FaFxSk":{"attrs":{"line":{"sourceMarker":{"args":{"cx":0,"r":0.5},"name":"circle"},"stroke":"var(--stroke)","strokeWidth":"var(--stroke-width)","targetMarker":{"args":{"cx":0,"r":0.5},"name":"circle"}},"lines":{"connection":true,"strokeLinejoin":"round"},"root":{"style":{"--stroke":"var(--edge-electricalDc-stroke,var(--edge-stroke))","--stroke-opacity":1,"--stroke-width":4}}},"canvas":"canvas_0","id":"edge_DwZHC2FaFxSk","shape":"diagram-edge","source":{"anchor":{"name":"center"},"cell":"component_electric_load_5","port":"DCPin"},"target":{"anchor":{"args":{"dx":"41.66666666666667%","dy":"0%","rotate":true},"name":"center"},"cell":"component_bus_node_5","port":"1","selector":"> rect:nth-child(2)"},"vertices":[],"zIndex":82},"edge_FC063jrWhncA":{"attrs":{"root":{"style":{"--stroke":"var(--edge-water-stroke,var(--edge-stroke))","--stroke-opacity":1,"--stroke-width":4}}},"canvas":"canvas_0","id":"edge_FC063jrWhncA","shape":"diagram-edge","source":{"anchor":{"name":"center"},"cell":"component_thermal_load_6","port":"WaterInput"},"target":{"anchor":{"args":{"ratio":0.291535745521687},"name":"ratio"},"cell":"edge_Ayjw0Wcjz8DJ"},"vertices":[],"zIndex":22},"edge_G8t6zzRAG8uk":{"attrs":{"line":{"sourceMarker":{"args":{"cx":0,"r":0.5},"name":"circle"},"stroke":"var(--stroke)","strokeWidth":"var(--stroke-width)","targetMarker":{"args":{"cx":0,"r":0.5},"name":"circle"}},"lines":{"connection":true,"strokeLinejoin":"round"},"root":{"style":{"--stroke":"var(--edge-electricalAc-stroke,var(--edge-stroke))","--stroke-opacity":1,"--stroke-width":4}}},"canvas":"canvas_0","id":"edge_G8t6zzRAG8uk","shape":"diagram-edge","source":{"anchor":{"name":"center"},"cell":"component_heat_pump_1","port":"AC"},"target":{"anchor":{"args":{"dx":"-30%","dy":"0%","rotate":true},"name":"center"},"cell":"component_bus_node_2","port":"0","selector":"> rect:nth-child(2)"},"vertices":[],"zIndex":53},"edge_IE13tiLyocmt":{"attrs":{"root":{"style":{"--stroke":"var(--edge-water-stroke,var(--edge-stroke))","--stroke-opacity":1,"--stroke-width":4}}},"canvas":"canvas_0","id":"edge_IE13tiLyocmt","shape":"diagram-edge","source":{"anchor":{"name":"center"},"cell":"component_thermal_load_11","port":"WaterInput"},"target":{"anchor":{"args":{"ratio":0.291535745521687},"name":"ratio"},"cell":"edge_QLKFO59bXNW8"},"vertices":[],"zIndex":43},"edge_IPS5dsDkPxts":{"attrs":{"line":{"targetMarker":{"args":{"cx":0,"r":0.5}}},"root":{"style":{"--stroke":"var(--edge-water-stroke,var(--edge-stroke))","--stroke-opacity":1,"--stroke-width":4}}},"canvas":"canvas_0","id":"edge_IPS5dsDkPxts","shape":"diagram-edge","source":{"anchor":{"name":"center"},"cell":"component_electric_conditioner_1","port":"Outlet"},"target":{"anchor":{"name":"center"},"cell":"component_centrifugal_pump_2","port":"waterInlet"},"vertices":[],"zIndex":38},"edge_JL3fnzVpPBOG":{"attrs":{"root":{"style":{"--stroke":"var(--edge-electricalAc-stroke,var(--edge-stroke))","--stroke-opacity":1,"--stroke-width":4}}},"canvas":"canvas_0","id":"edge_JL3fnzVpPBOG","shape":"diagram-edge","source":{"anchor":{"name":"center"},"cell":"component_electric_load_8","port":"ACPin"},"target":{"anchor":{"args":{"ratio":0.3079416531604538},"name":"ratio"},"cell":"edge_xlmvzURWVDB4"},"vertices":[],"zIndex":96},"edge_JaIeKYYlffbT":{"attrs":{"line":{"sourceMarker":{"args":{"cx":0,"r":0.5},"name":"circle"},"stroke":"var(--stroke)","strokeWidth":"var(--stroke-width)","targetMarker":{"args":{"cx":0,"r":0.5},"name":"circle"}},"lines":{"connection":true,"strokeLinejoin":"round"},"root":{"style":{"--stroke":"var(--edge-electricalDc-stroke,var(--edge-stroke))","--stroke-opacity":1,"--stroke-width":4}}},"canvas":"canvas_0","id":"edge_JaIeKYYlffbT","shape":"diagram-edge","source":{"anchor":{"name":"center"},"cell":"component_ies_flex_electric_load_1","port":"DCPin"},"target":{"anchor":{"args":{"dx":"-42.70833333333333%","dy":"0%","rotate":true},"name":"center"},"cell":"component_bus_node_5","port":"1","selector":"> rect:nth-child(2)"},"vertices":[],"zIndex":88},"edge_JySvsCVUJi48":{"attrs":{"line":{"sourceMarker":{"args":{"cx":0,"r":0.5},"name":"circle"},"stroke":"var(--stroke)","strokeWidth":"var(--stroke-width)","targetMarker":{"args":{"cx":0,"r":0.5},"name":"circle"}},"lines":{"connection":true,"strokeLinejoin":"round"},"root":{"style":{"--stroke":"var(--edge-electricalDc-stroke,var(--edge-stroke))","--stroke-opacity":1,"--stroke-width":4}}},"canvas":"canvas_0","id":"edge_JySvsCVUJi48","shape":"diagram-edge","source":{"anchor":{"name":"center"},"cell":"component_mmc_1","port":"DC"},"target":{"anchor":{"name":"center"},"cell":"component_transfer_line_1","port":"DC_Inlet"},"vertices":[],"zIndex":102},"edge_KXYiOx2TxL5I":{"attrs":{"root":{"style":{"--stroke":"var(--edge-electricalAc-stroke,var(--edge-stroke))","--stroke-opacity":1,"--stroke-width":4}}},"canvas":"canvas_0","id":"edge_KXYiOx2TxL5I","shape":"diagram-edge","source":{"anchor":{"name":"center"},"cell":"component_electric_conditioner_1","port":"AC"},"target":{"anchor":{"args":{"ratio":0.35495716034271724},"name":"ratio"},"cell":"edge_bW3k65pFCu9r"},"vertices":[],"zIndex":58},"edge_NEzzfDkuTCO6":{"attrs":{"root":{"style":{"--stroke":"var(--edge-electricalAc-stroke,var(--edge-stroke))","--stroke-opacity":1,"--stroke-width":4}}},"canvas":"canvas_0","id":"edge_NEzzfDkuTCO6","shape":"diagram-edge","source":{"anchor":{"name":"center"},"cell":"component_absorption_chiller_1","port":"AC"},"target":{"anchor":{"args":{"ratio":1},"name":"ratio"},"cell":"edge_yRm1dAWSDdi6"},"vertices":[],"zIndex":57},"edge_QLKFO59bXNW8":{"attrs":{"line":{"targetMarker":{"args":{"cx":0,"r":0.5}}},"root":{"style":{"--stroke":"var(--edge-water-stroke,var(--edge-stroke))","--stroke-opacity":1,"--stroke-width":4}}},"canvas":"canvas_0","id":"edge_QLKFO59bXNW8","shape":"diagram-edge","source":{"anchor":{"name":"center"},"cell":"component_centrifugal_pump_2","port":"waterOutlet"},"target":{"anchor":{"name":"center"},"cell":"component_thermal_load_8","port":"WaterInput"},"vertices":[{"x":962.78,"y":985}],"zIndex":39},"edge_RVXpvrcFSWar":{"attrs":{"line":{"sourceMarker":{"args":{"cx":0,"r":0.5},"name":"circle"},"stroke":"var(--stroke)","strokeWidth":"var(--stroke-width)","targetMarker":{"args":{"cx":0,"r":0.5},"name":"circle"}},"lines":{"connection":true,"strokeLinejoin":"round"},"root":{"style":{"--stroke":"var(--edge-water-stroke,var(--edge-stroke))","--stroke-opacity":1,"--stroke-width":4}}},"canvas":"canvas_0","id":"edge_RVXpvrcFSWar","shape":"diagram-edge","source":{"anchor":{"name":"center"},"cell":"component_absorption_chiller_1","port":"SecondaryOutlet"},"target":{"anchor":{"name":"center"},"cell":"component_centrifugal_pump_2","port":"waterInlet"},"vertices":[{"x":595,"y":765}],"zIndex":52},"edge_VEPJpbaOjPGp":{"attrs":{"root":{"style":{"--stroke":"var(--edge-water-stroke,var(--edge-stroke))","--stroke-opacity":1,"--stroke-width":4}}},"canvas":"canvas_0","id":"edge_VEPJpbaOjPGp","shape":"diagram-edge","source":{"anchor":{"name":"center"},"cell":"component_thermal_load_12","port":"WaterOutput"},"target":{"anchor":{"args":{"ratio":0.6437292422612786},"name":"ratio"},"cell":"edge_ahfPONCDJgaG"},"vertices":[],"zIndex":42},"edge_W3PAAsVpN9OR":{"attrs":{"line":{"sourceMarker":{"args":{"cx":0,"r":0.5},"name":"circle"},"stroke":"var(--stroke)","strokeWidth":"var(--stroke-width)","targetMarker":{"args":{"cx":0,"r":0.5},"name":"circle"}},"lines":{"connection":true,"strokeLinejoin":"round"},"root":{"style":{"--stroke":"var(--edge-electricalAc-stroke,var(--edge-stroke))","--stroke-opacity":1,"--stroke-width":4}}},"canvas":"canvas_0","id":"edge_W3PAAsVpN9OR","shape":"diagram-edge","source":{"anchor":{"name":"center"},"cell":"component_mmc_1","port":"AC"},"target":{"anchor":{"args":{"dx":"40.21739130434783%","dy":"0%","rotate":true},"name":"center"},"cell":"component_bus_node_1","port":"0","selector":"> rect:nth-child(2)"},"vertices":[],"zIndex":60},"edge_WNmFcENARPmm":{"attrs":{"line":{"sourceMarker":{"args":{"cx":0,"r":0.5},"name":"circle"},"stroke":"var(--stroke)","strokeWidth":"var(--stroke-width)","targetMarker":{"args":{"cx":0,"r":0.5},"name":"circle"}},"lines":{"connection":true,"strokeLinejoin":"round"},"root":{"style":{"--stroke":"var(--edge-electricalDc-stroke,var(--edge-stroke))","--stroke-opacity":1,"--stroke-width":4}}},"canvas":"canvas_0","id":"edge_WNmFcENARPmm","shape":"diagram-edge","source":{"anchor":{"name":"center"},"cell":"component_transfer_line_2","port":"DC_Outlet"},"target":{"anchor":{"args":{"dx":"-12.5%","dy":"0%","rotate":true},"name":"center"},"cell":"component_bus_node_5","port":"1","selector":"> rect:nth-child(2)"},"vertices":[],"zIndex":106},"edge_WTQmnFjgqXZB":{"attrs":{"root":{"style":{"--stroke":"var(--edge-water-stroke,var(--edge-stroke))","--stroke-opacity":1,"--stroke-width":4}}},"canvas":"canvas_0","id":"edge_WTQmnFjgqXZB","shape":"diagram-edge","source":{"anchor":{"name":"center"},"cell":"component_thermal_load_10","port":"WaterInput"},"target":{"anchor":{"args":{"ratio":0.46969647889605126},"name":"ratio"},"cell":"edge_QLKFO59bXNW8"},"vertices":[],"zIndex":45},"edge_WVScmycEP2Pf":{"attrs":{"line":{"sourceMarker":{"args":{"cx":0,"r":0.5},"name":"circle"},"stroke":"var(--stroke)","strokeWidth":"var(--stroke-width)","targetMarker":{"args":{"cx":0,"r":0.5},"name":"circle"}},"lines":{"connection":true,"strokeLinejoin":"round"},"root":{"style":{"--stroke":"var(--edge-electricalDc-stroke,var(--edge-stroke))","--stroke-opacity":1,"--stroke-width":4}}},"canvas":"canvas_0","id":"edge_WVScmycEP2Pf","shape":"diagram-edge","source":{"anchor":{"name":"center"},"cell":"component_electric_load_3","port":"DCPin"},"target":{"anchor":{"args":{"dx":"-1.0416666666666665%","dy":"0%","rotate":true},"name":"center"},"cell":"component_bus_node_5","port":"1","selector":"> rect:nth-child(2)"},"vertices":[],"zIndex":84},"edge_YNFvdNE17jST":{"attrs":{"root":{"style":{"--stroke":"var(--edge-water-stroke,var(--edge-stroke))","--stroke-opacity":1,"--stroke-width":4}}},"canvas":"canvas_0","id":"edge_YNFvdNE17jST","shape":"diagram-edge","source":{"anchor":{"name":"center"},"cell":"component_thermal_load_4","port":"WaterOutput"},"target":{"anchor":{"args":{"ratio":0.26550994598555683},"name":"ratio"},"cell":"edge_A2o6AV1PjNlB"},"vertices":[],"zIndex":26},"edge_YvvtnR4NZr16":{"attrs":{"line":{"sourceMarker":{"args":{"cx":0,"r":0.5},"name":"circle"},"stroke":"var(--stroke)","strokeWidth":"var(--stroke-width)","targetMarker":{"args":{"cx":0,"r":0.5},"name":"circle"}},"lines":{"connection":true,"strokeLinejoin":"round"},"root":{"style":{"--stroke":"var(--edge-water-stroke,var(--edge-stroke))","--stroke-opacity":1,"--stroke-width":4}}},"canvas":"canvas_0","id":"edge_YvvtnR4NZr16","shape":"diagram-edge","source":{"anchor":{"name":"center"},"cell":"component_heat_pump_1","port":"waterOutlet"},"target":{"anchor":{"name":"center"},"cell":"component_centrifugal_pump_1","port":"waterInlet"},"vertices":[],"zIndex":10},"edge_Z6AwdF4Ae2xL":{"attrs":{"root":{"style":{"--stroke":"var(--edge-water-stroke,var(--edge-stroke))","--stroke-opacity":1,"--stroke-width":4}}},"canvas":"canvas_0","id":"edge_Z6AwdF4Ae2xL","shape":"diagram-edge","source":{"anchor":{"name":"center"},"cell":"component_thermal_load_5","port":"WaterInput"},"target":{"anchor":{"args":{"ratio":0.46969647889605126},"name":"ratio"},"cell":"edge_Ayjw0Wcjz8DJ"},"vertices":[],"zIndex":24},"edge_ahfPONCDJgaG":{"attrs":{"line":{"targetMarker":{"args":{"cx":0,"r":0.5}}},"root":{"style":{"--stroke":"var(--edge-water-stroke,var(--edge-stroke))","--stroke-opacity":1,"--stroke-width":4}}},"canvas":"canvas_0","id":"edge_ahfPONCDJgaG","shape":"diagram-edge","source":{"anchor":{"name":"center"},"cell":"component_thermal_load_8","port":"WaterOutput"},"target":{"anchor":{"name":"center"},"cell":"component_electric_conditioner_1","port":"Inlet"},"vertices":[{"x":650,"y":1362.14}],"zIndex":40},"edge_bW3k65pFCu9r":{"attrs":{"line":{"sourceMarker":{"args":{"cx":0,"r":0.5},"name":"circle"},"stroke":"var(--stroke)","strokeWidth":"var(--stroke-width)","targetMarker":{"args":{"cx":0,"r":0.5},"name":"circle"}},"lines":{"connection":true,"strokeLinejoin":"round"},"root":{"style":{"--stroke":"var(--edge-electricalAc-stroke,var(--edge-stroke))","--stroke-opacity":1,"--stroke-width":4}}},"canvas":"canvas_0","id":"edge_bW3k65pFCu9r","shape":"diagram-edge","source":{"anchor":{"name":"center"},"cell":"component_centrifugal_pump_2","port":"AC"},"target":{"anchor":{"args":{"dx":"34%","dy":"0%","rotate":true},"name":"center"},"cell":"component_bus_node_2","port":"0","selector":"> rect:nth-child(2)"},"vertices":[{"x":760,"y":710}],"zIndex":55},"edge_cL64HfiBbtQm":{"attrs":{"line":{"sourceMarker":{"args":{"cx":0,"r":0.5},"name":"circle"},"stroke":"var(--stroke)","strokeWidth":"var(--stroke-width)","targetMarker":{"args":{"cx":0,"r":0.5},"name":"circle"}},"lines":{"connection":true,"strokeLinejoin":"round"},"root":{"style":{"--stroke":"var(--edge-electricalDc-stroke,var(--edge-stroke))","--stroke-opacity":1,"--stroke-width":4}}},"canvas":"canvas_0","id":"edge_cL64HfiBbtQm","shape":"diagram-edge","source":{"anchor":{"name":"center"},"cell":"component_transfer_line_2","port":"DC_Inlet"},"target":{"anchor":{"name":"center"},"cell":"component_transfer_line_1","port":"DC_Outlet"},"vertices":[],"zIndex":105},"edge_dH1NtCVdLBOk":{"attrs":{"root":{"style":{"--stroke":"var(--edge-water-stroke,var(--edge-stroke))","--stroke-opacity":1,"--stroke-width":4}}},"canvas":"canvas_0","id":"edge_dH1NtCVdLBOk","shape":"diagram-edge","source":{"anchor":{"name":"center"},"cell":"component_thermal_load_10","port":"WaterOutput"},"target":{"anchor":{"args":{"ratio":0.3837034760717199},"name":"ratio"},"cell":"edge_ahfPONCDJgaG"},"vertices":[],"zIndex":46},"edge_enFTOWRDr8p5":{"attrs":{"root":{"style":{"--stroke":"var(--edge-water-stroke,var(--edge-stroke))","--stroke-opacity":1,"--stroke-width":4}}},"canvas":"canvas_0","id":"edge_enFTOWRDr8p5","shape":"diagram-edge","source":{"anchor":{"name":"center"},"cell":"component_thermal_load_11","port":"WaterOutput"},"target":{"anchor":{"args":{"ratio":0.5196260356708075},"name":"ratio"},"cell":"edge_ahfPONCDJgaG"},"vertices":[],"zIndex":44},"edge_gNCqFpLjT16w":{"attrs":{"line":{"sourceMarker":{"args":{"cx":0,"r":0.5},"name":"circle"},"stroke":"var(--stroke)","strokeWidth":"var(--stroke-width)","targetMarker":{"args":{"cx":0,"r":0.5},"name":"circle"}},"lines":{"connection":true,"strokeLinejoin":"round"},"root":{"style":{"--stroke":"var(--edge-electricalDc-stroke,var(--edge-stroke))","--stroke-opacity":1,"--stroke-width":4}}},"canvas":"canvas_0","id":"edge_gNCqFpLjT16w","shape":"diagram-edge","source":{"anchor":{"name":"center"},"cell":"component_transfer_line_1","port":"DC_Outlet"},"target":{"anchor":{"args":{"dx":"27.419354838709676%","dy":"0%","rotate":true},"name":"center"},"cell":"component_bus_node_4","port":"1","selector":"> rect:nth-child(2)"},"vertices":[],"zIndex":103},"edge_gbiHhf1zXlNH":{"attrs":{"line":{"sourceMarker":{"args":{"cx":0,"r":0.5},"name":"circle"},"stroke":"var(--stroke)","strokeWidth":"var(--stroke-width)","targetMarker":{"args":{"cx":0,"r":0.5},"name":"circle"}},"lines":{"connection":true,"strokeLinejoin":"round"},"root":{"style":{"--stroke":"var(--edge-electricalAc-stroke,var(--edge-stroke))","--stroke-opacity":1,"--stroke-width":4}}},"canvas":"canvas_0","id":"edge_gbiHhf1zXlNH","shape":"diagram-edge","source":{"anchor":{"name":"center"},"cell":"component_external_power_source_1","port":"AC"},"target":{"anchor":{"args":{"dx":"-16.25%","dy":"0%","rotate":true},"name":"center"},"cell":"component_bus_node_1","port":"0","selector":"> rect:nth-child(2)"},"vertices":[],"zIndex":3},"edge_hSCco3IK2Q4F":{"attrs":{"root":{"style":{"--stroke":"var(--edge-electricalAc-stroke,var(--edge-stroke))","--stroke-opacity":1,"--stroke-width":4}}},"canvas":"canvas_0","id":"edge_hSCco3IK2Q4F","shape":"diagram-edge","source":{"anchor":{"name":"center"},"cell":"component_electric_load_6","port":"ACPin"},"target":{"anchor":{"args":{"ratio":0.5429497568881686},"name":"ratio"},"cell":"edge_xlmvzURWVDB4"},"vertices":[],"zIndex":98},"edge_ho6X4zRfHMVz":{"attrs":{"root":{"style":{"--stroke":"var(--edge-water-stroke,var(--edge-stroke))","--stroke-opacity":1,"--stroke-width":4}}},"canvas":"canvas_0","id":"edge_ho6X4zRfHMVz","shape":"diagram-edge","source":{"anchor":{"name":"center"},"cell":"component_thermal_load_9","port":"WaterInput"},"target":{"anchor":{"args":{"ratio":0.6478572122704155},"name":"ratio"},"cell":"edge_QLKFO59bXNW8"},"vertices":[],"zIndex":48},"edge_jbQBLXrnifMH":{"attrs":{"root":{"style":{"--stroke":"var(--edge-electricalAc-stroke,var(--edge-stroke))","--stroke-opacity":1,"--stroke-width":4}}},"canvas":"canvas_0","id":"edge_jbQBLXrnifMH","shape":"diagram-edge","source":{"anchor":{"name":"center"},"cell":"component_electric_load_9","port":"ACPin"},"target":{"anchor":{"args":{"ratio":0.2025931928687196},"name":"ratio"},"cell":"edge_xlmvzURWVDB4"},"vertices":[],"zIndex":95},"edge_jgPXnmcltCiD":{"attrs":{"root":{"style":{"--stroke":"var(--edge-water-stroke,var(--edge-stroke))","--stroke-opacity":1,"--stroke-width":4}}},"canvas":"canvas_0","id":"edge_jgPXnmcltCiD","shape":"diagram-edge","source":{"anchor":{"name":"center"},"cell":"component_absorption_chiller_1","port":"PrimaryOutlet"},"target":{"anchor":{"args":{"ratio":0.1498056294000562},"name":"ratio"},"cell":"edge_A2o6AV1PjNlB"},"vertices":[{"x":60,"y":1290}],"zIndex":54},"edge_pDyTKZ6yBDzp":{"attrs":{"root":{"style":{"--stroke":"var(--edge-electricalAc-stroke,var(--edge-stroke))","--stroke-opacity":1,"--stroke-width":4}}},"canvas":"canvas_0","id":"edge_pDyTKZ6yBDzp","shape":"diagram-edge","source":{"anchor":{"name":"center"},"cell":"component_electric_load_7","port":"ACPin"},"target":{"anchor":{"args":{"ratio":0.4213938411669368},"name":"ratio"},"cell":"edge_xlmvzURWVDB4"},"vertices":[],"zIndex":97},"edge_prOF1wbQhkQb":{"attrs":{"root":{"style":{"--stroke":"var(--edge-water-stroke,var(--edge-stroke))","--stroke-opacity":1,"--stroke-width":4}}},"canvas":"canvas_0","id":"edge_prOF1wbQhkQb","shape":"diagram-edge","source":{"anchor":{"name":"center"},"cell":"component_thermal_load_12","port":"WaterInput"},"target":{"anchor":{"args":{"ratio":0.1295714424540831},"name":"ratio"},"cell":"edge_QLKFO59bXNW8"},"vertices":[],"zIndex":41},"edge_xlmvzURWVDB4":{"attrs":{"line":{"sourceMarker":{"args":{"cx":0,"r":0.5},"name":"circle"},"stroke":"var(--stroke)","strokeWidth":"var(--stroke-width)","targetMarker":{"args":{"cx":0,"r":0.5},"name":"circle"}},"lines":{"connection":true,"strokeLinejoin":"round"},"root":{"style":{"--stroke":"var(--edge-electricalAc-stroke,var(--edge-stroke))","--stroke-opacity":1,"--stroke-width":4}}},"canvas":"canvas_0","id":"edge_xlmvzURWVDB4","shape":"diagram-edge","source":{"anchor":{"name":"center"},"cell":"component_ies_flex_electric_load_2","port":"ACPin"},"target":{"anchor":{"args":{"dx":"46%","dy":"0%","rotate":true},"name":"center"},"cell":"component_bus_node_2","port":"0","selector":"> rect:nth-child(2)"},"vertices":[{"x":580,"y":525}],"zIndex":94},"edge_yFEpSszvnp3k":{"attrs":{"line":{"sourceMarker":{"args":{"cx":0,"r":0.5},"name":"circle"},"stroke":"var(--stroke)","strokeWidth":"var(--stroke-width)","targetMarker":{"args":{"cx":0,"r":0.5},"name":"circle"}},"lines":{"connection":true,"strokeLinejoin":"round"},"root":{"style":{"--stroke":"var(--edge-electricalDc-stroke,var(--edge-stroke))","--stroke-opacity":1,"--stroke-width":4}}},"canvas":"canvas_0","id":"edge_yFEpSszvnp3k","shape":"diagram-edge","source":{"anchor":{"name":"center"},"cell":"component_electric_load_2","port":"DCPin"},"target":{"anchor":{"args":{"dx":"-21.875%","dy":"0%","rotate":true},"name":"center"},"cell":"component_bus_node_5","port":"1","selector":"> rect:nth-child(2)"},"vertices":[],"zIndex":85},"edge_yRm1dAWSDdi6":{"attrs":{"root":{"style":{"--stroke":"var(--edge-electricalAc-stroke,var(--edge-stroke))","--stroke-opacity":1,"--stroke-width":4}}},"canvas":"canvas_0","id":"edge_yRm1dAWSDdi6","shape":"diagram-edge","source":{"anchor":{"name":"center"},"cell":"component_centrifugal_pump_1","port":"AC"},"target":{"anchor":{"args":{"ratio":0.7772337821297429},"name":"ratio"},"cell":"edge_bW3k65pFCu9r"},"vertices":[],"zIndex":56}},"type":"diagram","variables":[]}},"parameters":[],"pins":[]}}