{"rid":"model/admin/6f9938f4-b6ad-53c6-9989-ebdbff654e3b","name":"光储超级充电站","jobs":[{"args":{"clustering_algorithm":"0","num_method":"0"},"name":"综合能源系统规划典型日生成 1","rid":"function/CloudPSS/ieslab-gmm-opt"}],"configs":[{"args":{},"name":"默认参数方案","pins":{}}],"context":{"auth":"public","category":"normal","counter":{"component_ele_bus_":1,"component_electric_load_":1,"component_photovoltaic_":1,"component_power_source_":2,"component_storage_battery_":1,"光伏":1,"外部电源":2,"母线元件":1,"电负荷":1,"蓄电池":1},"currentConfig":0,"currentJob":0,"diagram":{"currentCanvas":0,"openedCanvas":[{"key":"canvas_0","pos":{"x":542.4602203369141,"y":353.69035720825195,"zoom":1}}]},"graphic":{},"groupSubscriptions":[{"key":"project-support:job-definition/ies/ies-opt","name":"综合能源系统规划优化平台元件","type":"official","visible":true}],"publicRead":true},"tags":["project-category:normal","ies:iesPlan"],"keywords":[],"description":"","permissions":{"member":65551,"moderator":98367,"everyone":0},"revision":{"hash":"Sju_LIVqgN6pdm1JNvmwutf0rwVUZluLXpB1SjxA1Z2SBn1yeopb1zWzzM0br-oH","author":"admin","message":"Saved by sim-studio(browser) 4.5.4","version":4,"documentation":"","graphic":{"attrs":{"body":{"refHeight":1,"refWidth":1,"refX":0,"refY":0}},"generator":"default","height":50,"markup":[{"selector":"body","tagName":"rect"}],"pins":{},"preserveAspectRatio":true,"width":50},"implements":{"diagram":{"canvas":[{"key":"canvas_0","name":"图纸 1"}],"cells":{"component_ele_bus_1":{"args":{"Angle":0,"CompType":"0","Name":"母线","V":1,"VBase":110},"canvas":"canvas_0","context":{},"definition":"model/IESLabOpt/ele_bus","flip":false,"id":"component_ele_bus_1","label":"母线元件1","pins":{"0":"","1":""},"position":{"x":215,"y":255},"props":{"enabled":true,"outlineLevel":0},"shape":"diagram-component","size":{"height":40,"width":455},"style":{},"zIndex":5},"component_electric_load_1":{"args":{"CompName":"电负荷","CompType":"0","ElectricalLoad":"1722942295863096","PowerPriceModel":"1722942709441587"},"canvas":"canvas_0","context":{},"definition":"model/IESLabOpt/electric-load","flip":false,"id":"component_electric_load_1","label":"电负荷1","pins":{"ACPin":"","DCPin":""},"position":{"x":230,"y":385},"props":{"enabled":true,"outlineLevel":0},"shape":"diagram-component","size":{"height":160,"width":120},"style":{},"zIndex":4},"component_photovoltaic_1":{"args":{"CompName":"光伏","CompType":"0","DeviceSelection":"1722942754299398","DipAngle":30,"LossCoes":[{"0":"直流电缆损失","1":"98","ɵid":119838046},{"0":"光伏组件串并联不匹配损失","1":"99","ɵid":951708956},{"0":"灰尘及雨雪遮挡损失","1":"97","ɵid":285764398},{"0":"交流线路损失","1":"99","ɵid":666359824},{"0":"逆变器MPPT的效率损失","1":"96","ɵid":542840425},{"0":"太阳辐射入射（IAM）损失","1":"97","ɵid":268430986},{"0":"变压器损失","1":"99","ɵid":456227238}],"MaxPanelCapacity":10000,"MiniPanelCapacity":0,"TrackingMethod":"0"},"canvas":"canvas_0","context":{},"definition":"model/IESLabOpt/photovoltaic","flip":false,"id":"component_photovoltaic_1","label":"光伏1","pins":{"AC":"","DC":""},"position":{"x":405,"y":50},"props":{"enabled":true,"outlineLevel":0},"shape":"diagram-component","size":{"height":120,"width":180},"style":{},"zIndex":2},"component_power_source_2":{"args":{"BasicPriceModel":"1","CapacityPrice":42,"CompName":"电网","DemandPrice":22,"IsPowerToGrid":"0","IsTwoPartPrice":"0","MaxiumPowerSupply":3000,"MaxiumPowerToGrid":100,"PricePowerToGrid":0.3,"PurchasePriceModel":"1722942708246920"},"canvas":"canvas_0","context":{},"definition":"model/IESLabOpt/power-source","flip":false,"id":"component_power_source_2","label":"外部电源2","pins":{"AC":""},"position":{"x":95,"y":45},"props":{"enabled":true,"outlineLevel":0},"shape":"diagram-component","size":{"height":130,"width":180},"style":{},"zIndex":10},"component_storage_battery_1":{"args":{"CompName":"蓄电池","CompType":"0","DeviceSelection":"1722942580554208","MaxStorageCapacity":20000,"MiniStorageCapacity":0,"PowCycle":3,"initialPowerStorage":0.5,"maxPowerStorage":0.8,"minPowerStorage":0.2},"canvas":"canvas_0","context":{},"definition":"model/IESLabOpt/storage-battery","flip":false,"id":"component_storage_battery_1","label":"蓄电池1","pins":{"AC":"","DC":""},"position":{"x":480,"y":385},"props":{"enabled":true,"outlineLevel":0},"shape":"diagram-component","size":{"height":140,"width":140},"style":{},"zIndex":3},"edge_6KRChhrg9IoX":{"attrs":{"line":{"sourceMarker":{"args":{"cx":0,"r":0.5},"fill":"var(--context-stroke)","name":"circle"},"targetMarker":{"args":{"cx":0,"r":0.5},"fill":"var(--context-stroke)","name":"circle"}},"lines":{"connection":true},"root":{"style":{"--stroke":"var(--edge-electricalAc-stroke,var(--edge-stroke))","--stroke-opacity":1,"--stroke-width":4}}},"canvas":"canvas_0","id":"edge_6KRChhrg9IoX","shape":"diagram-edge","source":{"cell":"component_photovoltaic_1","port":"AC"},"target":{"anchor":{"args":{"dx":"32.417582417582416%","dy":"0%","rotate":true},"name":"center"},"cell":"component_ele_bus_1","port":"0","selector":"> rect:nth-child(2)"},"vertices":[],"zIndex":8},"edge_91gubn6lf4Ah":{"attrs":{"line":{"sourceMarker":{"args":{"cx":0,"r":0.5},"fill":"var(--context-stroke)","name":"circle"},"targetMarker":{"args":{"cx":0,"r":0.5},"fill":"var(--context-stroke)","name":"circle"}},"lines":{"connection":true},"root":{"style":{"--stroke":"var(--edge-electricalAc-stroke,var(--edge-stroke))","--stroke-opacity":1,"--stroke-width":4}}},"canvas":"canvas_0","id":"edge_91gubn6lf4Ah","shape":"diagram-edge","source":{"cell":"component_storage_battery_1","port":"AC"},"target":{"anchor":{"args":{"dx":"23.626373626373624%","dy":"0%","rotate":true},"name":"center"},"cell":"component_ele_bus_1","port":"0","selector":"> rect:nth-child(2)"},"vertices":[],"zIndex":9},"edge_VHwqLFDIuAQr":{"attrs":{"line":{"sourceMarker":{"args":{"cx":0,"r":0.5},"fill":"var(--context-stroke)","name":"circle"},"targetMarker":{"args":{"cx":0,"r":0.5},"fill":"var(--context-stroke)","name":"circle"}},"lines":{"connection":true},"root":{"style":{"--stroke":"var(--edge-electricalAc-stroke,var(--edge-stroke))","--stroke-opacity":1,"--stroke-width":4}}},"canvas":"canvas_0","id":"edge_VHwqLFDIuAQr","shape":"diagram-edge","source":{"cell":"component_power_source_2","port":"AC"},"target":{"anchor":{"args":{"dx":"-26.923076923076923%","dy":"0%","rotate":true},"name":"center"},"cell":"component_ele_bus_1","port":"0","selector":"> rect:nth-child(2)"},"vertices":[],"zIndex":11},"edge_oX15njN4FiHt":{"attrs":{"line":{"sourceMarker":{"args":{"cx":0,"r":0.5},"fill":"var(--context-stroke)","name":"circle"},"targetMarker":{"args":{"cx":0,"r":0.5},"fill":"var(--context-stroke)","name":"circle"}},"lines":{"connection":true},"root":{"style":{"--stroke":"var(--edge-electricalAc-stroke,var(--edge-stroke))","--stroke-opacity":1,"--stroke-width":4}}},"canvas":"canvas_0","id":"edge_oX15njN4FiHt","shape":"diagram-edge","source":{"cell":"component_electric_load_1","port":"ACPin"},"target":{"anchor":{"args":{"dx":"-33.51648351648351%","dy":"0%","rotate":true},"name":"center"},"cell":"component_ele_bus_1","port":"0","selector":"> rect:nth-child(2)"},"vertices":[],"zIndex":7}},"type":"diagram","variables":[]}},"parameters":[],"pins":[]}}