{"rid":"model/admin/932716d1-ec5a-5b5e-b991-e45a82f467c2","name":"风光储8760h优化","jobs":[{"args":{"@debug":"","@priority":0,"@queue":1,"@tres":"cpu=1","clustering_algorithm":"2","num_component":2,"num_method":"0","simulationId":{"source":"is(service,\"Function\")?service(\"iesSimulation\").simulationId():\"\"","ɵexp":"s"},"task_cmd":"typical"},"name":"综合能源系统规划典型日生成 1","rid":"job-definition/cloudpss/ieslab-gmm"}],"configs":[{"args":{},"name":"默认参数方案","pins":{}}],"context":{"auth":"public","category":"normal","counter":{"component_battery_":1,"component_bus_node_":1,"component_electric_load_":2,"component_external_power_source_":1,"component_photovoltaic_":1,"component_wind_turbine_":1,"光伏发电系统":1,"外部电源":1,"母线元件":1,"电负荷":1,"蓄电池":1,"风力发电机":1},"currentConfig":0,"currentJob":0,"currentJobFilter":"job-definition/cloudpss/map","diagram":{"currentCanvas":0,"openedCanvas":[{"key":"canvas_0","pos":{"x":440.59999084472656,"y":800.1999816894531,"zoom":1}}]},"graphic":{},"groupSubscriptions":[{"key":"project-support:job-definition/cloudpss/emtp","name":"EMTP 元件","type":"official","visible":false},{"key":"project-support:job-definition/cloudpss/sfemt","name":"SFEMT 元件","type":"official","visible":false},{"key":"project-support:job-definition/cloudpss/power-flow","name":"潮流元件","type":"official","visible":false},{"key":"project-support:job-definition/cloudpss/ies-simulation","name":"综合能源系统元件","type":"official","visible":false},{"key":"project-support:job-definition/ies/ies-plan","name":"综合能源系统规划平台元件","type":"official","visible":true},{"key":"IES储能设备","name":"IES储能设备","type":"self","visible":true},{"key":"IES制冷制热设备","name":"IES制冷制热设备","type":"self","visible":true},{"key":"IES热力传输设备","name":"IES热力传输设备","type":"self","visible":true},{"key":"IES电力传输设备","name":"IES电力传输设备","type":"self","visible":true},{"key":"IES电源设备","name":"IES电源设备","type":"self","visible":true},{"key":"IES负荷","name":"IES负荷","type":"self","visible":true}],"publicRead":true},"tags":["project-category:normal","ies:iesPlan"],"keywords":[],"description":"","permissions":{"member":65551,"moderator":98335,"everyone":65539},"revision":{"hash":"czhs_6G2JlqWms8R9CMmYmTRolcKXMgA7KqU0StekjQqIrXWhooJzqRmeaVxC_IY","author":"admin","message":"Saved by sim-studio(browser) 3.5.8","version":3,"documentation":"","graphic":{"attrs":{"body":{"refHeight":1,"refWidth":1,"refX":0,"refY":0},"pin-line":{"stroke":"var(--stroke)","strokeWidth":"var(--stroke-width)"}},"generator":"default","height":50,"markup":[{"selector":"body","tagName":"rect"}],"pins":{},"preserveAspectRatio":true,"width":50},"implements":{"diagram":{"canvas":[{"key":"canvas_0","name":"图纸 1"}],"cells":{"component_battery_1":{"args":{"CompName":"","CompType":"0","DeviceNumber":"1","DeviceSelection":"0","InitialPowerStorage":"50","MaxPowerStorageDiff":20,"MaxStorageCapacity":24,"MiniStorageCapacity":0,"OptimizationChoice":"1","Power":[["2021-01-01 00:00:00","200"],["2021-01-01 01:00:00","200"],["2021-01-01 02:00:00","200"],["2021-01-01 03:00:00","200"],["2021-01-01 04:00:00","200"],["2021-01-01 05:00:00","200"],["2021-01-01 06:00:00","200"],["2021-01-01 07:00:00","200"],["2021-01-01 08:00:00","0"],["2021-01-01 09:00:00","0"],["2021-01-01 10:00:00","0"],["2021-01-01 11:00:00","0"],["2021-01-01 12:00:00","-200"],["2021-01-01 13:00:00","-200"],["2021-01-01 14:00:00","-200"],["2021-01-01 15:00:00","-200"],["2021-01-01 16:00:00","-200"],["2021-01-01 17:00:00","-200"],["2021-01-01 18:00:00","-200"],["2021-01-01 19:00:00","-200"],["2021-01-01 20:00:00","0"],["2021-01-01 21:00:00","0"],["2021-01-01 22:00:00","0"],["2021-01-01 23:00:00","0"]]},"canvas":"canvas_0","context":{},"definition":"model/IESLabPlan/Battery","flip":false,"id":"component_battery_1","label":"蓄电池1","pins":{"AC":"","DC":""},"position":{"x":370,"y":730},"props":{"enabled":true},"shape":"diagram-component","size":{"height":140,"width":140},"style":{"--fill":"var(--spectrum-global-color-gray-100)","--fill-opacity":1,"--font-family":"var(--spectrum-global-font-family-base, Arial, Helvetica, sans-serif)","--stroke":"var(--spectrum-global-color-gray-900)","--stroke-opacity":1,"--stroke-width":2,"--text":"var(--spectrum-global-color-gray-900)","--text-opacity":1},"zIndex":8},"component_bus_node_1":{"args":{"Angle":"0","CompType":"0","Name":"","V":"1","VBase":10},"canvas":"canvas_0","context":{},"definition":"model/IESLabPlan/BusNode","flip":false,"id":"component_bus_node_1","label":"母线元件1","pins":{"0":"","1":""},"position":{"x":220,"y":545},"props":{"enabled":true},"shape":"diagram-component","size":{"height":40,"width":370},"style":{"--fill":"var(--spectrum-global-color-gray-100)","--fill-opacity":1,"--font-family":"var(--spectrum-global-font-family-base, Arial, Helvetica, sans-serif)","--stroke":"var(--spectrum-global-color-gray-900)","--stroke-opacity":1,"--stroke-width":2,"--text":"var(--spectrum-global-color-gray-900)","--text-opacity":1},"zIndex":2},"component_electric_load_1":{"args":{"CompName":"","CompType":"0","DemandChargePriceModel":"0","ElectricalLoad":"1677576153646572","PowerPriceModel":"1678158628070454"},"canvas":"canvas_0","context":{},"definition":"model/IESLabPlan/ElectricLoad","flip":false,"id":"component_electric_load_1","label":"电负荷1","pins":{"ACPin":"","DCPin":""},"position":{"x":245,"y":710},"props":{"enabled":true},"shape":"diagram-component","size":{"height":160,"width":120},"style":{"--fill":"var(--spectrum-global-color-gray-100)","--fill-opacity":1,"--font-family":"var(--spectrum-global-font-family-base, Arial, Helvetica, sans-serif)","--stroke":"var(--spectrum-global-color-gray-900)","--stroke-opacity":1,"--stroke-width":2,"--text":"var(--spectrum-global-color-gray-900)","--text-opacity":1},"zIndex":3},"component_electric_load_2":{"args":{"CompName":"","CompType":"0","DemandChargePriceModel":"0","ElectricalLoad":"1678158393483662","PowerPriceModel":"1678158628070454"},"canvas":"canvas_0","context":{},"definition":"model/IESLabPlan/ElectricLoad","flip":false,"id":"component_electric_load_2","label":"电负荷1","pins":{"ACPin":"","DCPin":""},"position":{"x":125,"y":710},"props":{"enabled":true},"shape":"diagram-component","size":{"height":160,"width":120},"style":{"--fill":"var(--spectrum-global-color-gray-100)","--fill-opacity":1,"--font-family":"var(--spectrum-global-font-family-base, Arial, Helvetica, sans-serif)","--stroke":"var(--spectrum-global-color-gray-900)","--stroke-opacity":1,"--stroke-width":2,"--text":"var(--spectrum-global-color-gray-900)","--text-opacity":1},"zIndex":6},"component_external_power_source_1":{"args":{"Angle":"0","CompName":"","FuelModel":"0","MiniNewEnergyAbsorbRate":0,"PurchasePriceModel":"1678158580781570","SalePriceModel":"0","Voltage":10},"canvas":"canvas_0","context":{},"definition":"model/IESLabPlan/ExternalPowerSource","flip":false,"id":"component_external_power_source_1","label":"外部电源1","pins":{"AC":""},"position":{"x":30,"y":385},"props":{"enabled":true},"shape":"diagram-component","size":{"height":120,"width":180},"style":{"--fill":"var(--spectrum-global-color-gray-100)","--fill-opacity":1,"--font-family":"var(--spectrum-global-font-family-base, Arial, Helvetica, sans-serif)","--stroke":"var(--spectrum-global-color-gray-900)","--stroke-opacity":1,"--stroke-width":2,"--text":"var(--spectrum-global-color-gray-900)","--text-opacity":1},"zIndex":1},"component_photovoltaic_1":{"args":{"CompName":"","CompType":"0","DeviceNumber":"1","DeviceSelection":"1678158448650388","DipAngle":"30","LossCoes":[{"0":"直流电缆损失","1":"98","ɵid":119838046},{"0":"光伏组件串并联不匹配损失","1":"99","ɵid":951708956},{"0":"灰尘及雨雪遮挡损失","1":"97","ɵid":285764398},{"0":"交流线路损失","1":"99","ɵid":666359824},{"0":"逆变器MPPT的效率损失","1":"96","ɵid":542840425},{"0":"太阳辐射入射（IAM）损失","1":"97","ɵid":268430986},{"0":"变压器损失","1":"99","ɵid":456227238}],"MaxPanelArea":"5000","MiniPanelArea":0,"OptimizationChoice":"0","PowerCurve":[["2021-01-01 00:00:00","100"],["2021-01-01 01:00:00","100"],["2021-01-01 02:00:00","100"],["2021-01-01 03:00:00","100"],["2021-01-01 04:00:00","100"],["2021-01-01 05:00:00","100"],["2021-01-01 06:00:00","100"],["2021-01-01 07:00:00","100"],["2021-01-01 08:00:00","100"],["2021-01-01 09:00:00","100"],["2021-01-01 10:00:00","100"],["2021-01-01 11:00:00","100"],["2021-01-01 12:00:00","100"],["2021-01-01 13:00:00","100"],["2021-01-01 14:00:00","100"],["2021-01-01 15:00:00","100"],["2021-01-01 16:00:00","100"],["2021-01-01 17:00:00","100"],["2021-01-01 18:00:00","100"],["2021-01-01 19:00:00","100"],["2021-01-01 20:00:00","100"],["2021-01-01 21:00:00","100"],["2021-01-01 22:00:00","100"],["2021-01-01 23:00:00","100"]],"PowerMode":"0","Strategy":[["2021-01-01 00:00:00","1"],["2021-01-01 01:00:00","1"],["2021-01-01 02:00:00","1"],["2021-01-01 03:00:00","1"],["2021-01-01 04:00:00","1"],["2021-01-01 05:00:00","1"],["2021-01-01 06:00:00","1"],["2021-01-01 07:00:00","1"],["2021-01-01 08:00:00","1"],["2021-01-01 09:00:00","1"],["2021-01-01 10:00:00","1"],["2021-01-01 11:00:00","1"],["2021-01-01 12:00:00","1"],["2021-01-01 13:00:00","1"],["2021-01-01 14:00:00","1"],["2021-01-01 15:00:00","1"],["2021-01-01 16:00:00","1"],["2021-01-01 17:00:00","1"],["2021-01-01 18:00:00","1"],["2021-01-01 19:00:00","1"],["2021-01-01 20:00:00","1"],["2021-01-01 21:00:00","1"],["2021-01-01 22:00:00","1"],["2021-01-01 23:00:00","1"]],"TrackingMethod":"0"},"canvas":"canvas_0","context":{},"definition":"model/IESLabPlan/Photovoltaic","flip":false,"id":"component_photovoltaic_1","label":"光伏发电系统1","pins":{"AC":"","DC":""},"position":{"x":370,"y":280},"props":{"enabled":true},"shape":"diagram-component","size":{"height":120,"width":180},"style":{"--fill":"var(--spectrum-global-color-gray-100)","--fill-opacity":1,"--font-family":"var(--spectrum-global-font-family-base, Arial, Helvetica, sans-serif)","--stroke":"var(--spectrum-global-color-gray-900)","--stroke-opacity":1,"--stroke-width":2,"--text":"var(--spectrum-global-color-gray-900)","--text-opacity":1},"zIndex":12},"component_wind_turbine_1":{"args":{"CompName":"","CompType":"0","DeviceNumber":"1","DeviceSelection":"1678158482547691","MaxPowerGenCapacity":"2000","MiniPowerGenCapacity":0,"OperateParam":[["2021-01-01 00:00:00","1"],["2021-01-01 01:00:00","1"],["2021-01-01 02:00:00","1"],["2021-01-01 03:00:00","1"],["2021-01-01 04:00:00","1"],["2021-01-01 05:00:00","1"],["2021-01-01 06:00:00","1"],["2021-01-01 07:00:00","1"],["2021-01-01 08:00:00","1"],["2021-01-01 09:00:00","1"],["2021-01-01 10:00:00","1"],["2021-01-01 11:00:00","1"],["2021-01-01 12:00:00","1"],["2021-01-01 13:00:00","1"],["2021-01-01 14:00:00","1"],["2021-01-01 15:00:00","1"],["2021-01-01 16:00:00","1"],["2021-01-01 17:00:00","1"],["2021-01-01 18:00:00","1"],["2021-01-01 19:00:00","1"],["2021-01-01 20:00:00","1"],["2021-01-01 21:00:00","1"],["2021-01-01 22:00:00","1"],["2021-01-01 23:00:00","1"]],"OptimizationChoice":"0","PowerCurve":[["2021-01-01 00:00:00","259"],["2021-01-01 01:00:00","0"],["2021-01-01 02:00:00","0"],["2021-01-01 03:00:00","297"],["2021-01-01 04:00:00","236"],["2021-01-01 05:00:00","314"],["2021-01-01 06:00:00","223"],["2021-01-01 07:00:00","233"],["2021-01-01 08:00:00","256"],["2021-01-01 09:00:00","212"],["2021-01-01 10:00:00","268"],["2021-01-01 11:00:00","303"],["2021-01-01 12:00:00","232"],["2021-01-01 13:00:00","208"],["2021-01-01 14:00:00","316"],["2021-01-01 15:00:00","320"],["2021-01-01 16:00:00","0"],["2021-01-01 17:00:00","0"],["2021-01-01 18:00:00","0"],["2021-01-01 19:00:00","0"],["2021-01-01 20:00:00","226"],["2021-01-01 21:00:00","220"],["2021-01-01 22:00:00","297"],["2021-01-01 23:00:00","0"]],"PowerMode":"0"},"canvas":"canvas_0","context":{},"definition":"model/IESLabPlan/WindTurbine","flip":false,"id":"component_wind_turbine_1","label":"风力发电机1","pins":{"AC":"","DC":""},"position":{"x":255,"y":290},"props":{"enabled":true},"shape":"diagram-component","size":{"height":160,"width":120},"style":{"--fill":"var(--spectrum-global-color-gray-100)","--fill-opacity":1,"--font-family":"var(--spectrum-global-font-family-base, Arial, Helvetica, sans-serif)","--stroke":"var(--spectrum-global-color-gray-900)","--stroke-opacity":1,"--stroke-width":2,"--text":"var(--spectrum-global-color-gray-900)","--text-opacity":1},"zIndex":10},"edge_0WbGhGtUxdRo":{"attrs":{"line":{"sourceMarker":{"args":{"cx":0,"r":0.5},"name":"circle"},"stroke":"var(--stroke)","strokeWidth":"var(--stroke-width)","targetMarker":{"args":{"cx":0,"r":0.5},"name":"circle"}},"lines":{"connection":true,"strokeLinejoin":"round"},"root":{"style":{"--stroke":"var(--edge-electricalAc-stroke,var(--edge-stroke))","--stroke-opacity":1,"--stroke-width":4}}},"canvas":"canvas_0","id":"edge_0WbGhGtUxdRo","shape":"diagram-edge","source":{"anchor":{"name":"center"},"cell":"component_wind_turbine_1","port":"AC"},"target":{"anchor":{"args":{"dx":"-2.7027027027027026%","dy":"0%","rotate":true},"name":"center"},"cell":"component_bus_node_1","port":"0","selector":"> rect:nth-child(2)"},"vertices":[],"zIndex":11},"edge_RcPGKpOiN0JP":{"attrs":{"line":{"sourceMarker":{"args":{"cx":0,"r":0.5},"name":"circle"},"stroke":"var(--stroke)","strokeWidth":"var(--stroke-width)","targetMarker":{"args":{"cx":0,"r":0.5},"name":"circle"}},"lines":{"connection":true,"strokeLinejoin":"round"},"root":{"style":{"--stroke":"var(--edge-electricalAc-stroke,var(--edge-stroke))","--stroke-opacity":1,"--stroke-width":4}}},"canvas":"canvas_0","id":"edge_RcPGKpOiN0JP","shape":"diagram-edge","source":{"anchor":{"name":"center"},"cell":"component_electric_load_2","port":"ACPin"},"target":{"anchor":{"args":{"dx":"-44.5945945945946%","dy":"0%","rotate":true},"name":"center"},"cell":"component_bus_node_1","port":"0","selector":"> rect:nth-child(2)"},"vertices":[],"zIndex":7},"edge_dAsTkFk83eP3":{"attrs":{"line":{"sourceMarker":{"args":{"cx":0,"r":0.5},"name":"circle"},"stroke":"var(--stroke)","strokeWidth":"var(--stroke-width)","targetMarker":{"args":{"cx":0,"r":0.5},"name":"circle"}},"lines":{"connection":true,"strokeLinejoin":"round"},"root":{"style":{"--stroke":"var(--edge-electricalAc-stroke,var(--edge-stroke))","--stroke-opacity":1,"--stroke-width":4}}},"canvas":"canvas_0","id":"edge_dAsTkFk83eP3","shape":"diagram-edge","source":{"anchor":{"name":"center"},"cell":"component_photovoltaic_1","port":"AC"},"target":{"anchor":{"args":{"dx":"44.5945945945946%","dy":"0%","rotate":true},"name":"center"},"cell":"component_bus_node_1","port":"0","selector":"> rect:nth-child(2)"},"vertices":[],"zIndex":13},"edge_jUCza70oGEVr":{"attrs":{"line":{"sourceMarker":{"args":{"cx":0,"r":0.5},"name":"circle"},"stroke":"var(--stroke)","strokeWidth":"var(--stroke-width)","targetMarker":{"args":{"cx":0,"r":0.5},"name":"circle"}},"lines":{"connection":true,"strokeLinejoin":"round"},"root":{"style":{"--stroke":"var(--edge-electricalAc-stroke,var(--edge-stroke))","--stroke-opacity":1,"--stroke-width":4}}},"canvas":"canvas_0","id":"edge_jUCza70oGEVr","shape":"diagram-edge","source":{"anchor":{"name":"center"},"cell":"component_battery_1","port":"AC"},"target":{"anchor":{"args":{"dx":"9.45945945945946%","dy":"0%","rotate":true},"name":"center"},"cell":"component_bus_node_1","port":"0","selector":"> rect:nth-child(2)"},"vertices":[],"zIndex":9},"edge_tUXF45SLrqd3":{"attrs":{"line":{"sourceMarker":{"args":{"cx":0,"r":0.5},"name":"circle"},"stroke":"var(--stroke)","strokeWidth":"var(--stroke-width)","targetMarker":{"args":{"cx":0,"r":0.5},"name":"circle"}},"lines":{"connection":true,"strokeLinejoin":"round"},"root":{"style":{"--stroke":"var(--edge-electricalAc-stroke,var(--edge-stroke))","--stroke-opacity":1,"--stroke-width":4}}},"canvas":"canvas_0","id":"edge_tUXF45SLrqd3","shape":"diagram-edge","source":{"anchor":{"name":"center"},"cell":"component_electric_load_1","port":"ACPin"},"target":{"anchor":{"args":{"dx":"-27.027027027027028%","dy":"0%","rotate":true},"name":"center"},"cell":"component_bus_node_1","port":"0","selector":"> rect:nth-child(2)"},"vertices":[],"zIndex":5},"edge_zpBpMutClQfZ":{"attrs":{"line":{"sourceMarker":{"args":{"cx":0,"r":0.5},"name":"circle"},"stroke":"var(--stroke)","strokeWidth":"var(--stroke-width)","targetMarker":{"args":{"cx":0,"r":0.5},"name":"circle"}},"lines":{"connection":true,"strokeLinejoin":"round"},"root":{"style":{"--stroke":"var(--edge-electricalAc-stroke,var(--edge-stroke))","--stroke-opacity":1,"--stroke-width":4}}},"canvas":"canvas_0","id":"edge_zpBpMutClQfZ","shape":"diagram-edge","source":{"anchor":{"name":"center"},"cell":"component_external_power_source_1","port":"AC"},"target":{"anchor":{"args":{"dx":"-36.486486486486484%","dy":"0%","rotate":true},"name":"center"},"cell":"component_bus_node_1","port":"0","selector":"> rect:nth-child(2)"},"vertices":[],"zIndex":4}},"type":"diagram","variables":[]}},"parameters":[],"pins":[]}}