{"rid":"model/greyd/codeExample","name":"code演示模块","jobs":[{"args":{"@debug":"","@priority":0,"@queue":1,"@tres":"cpu=1","begin_time":0,"comm":[],"comm_freq":1,"comm_protocol":0,"comm_type":0,"ctrlparallel_option":0,"debug":0,"dev_id":1,"dev_num":1,"end_time":1,"event_option":0,"init_cfg":0,"initial_type":0,"kernel_option":1,"load_snapshot":0,"load_snapshot_name":"","max_initial_time":1,"mergeBusNode":0,"multi_dev_partition":[],"n_cpu":1,"n_ele_cpu":1,"only_partition":0,"output_channels":[{"0":"","1":1000,"2":"compressed","3":0,"4":[],"ɵid":810741303}],"partition_info":[{"0":0,"1":"","2":"","ɵid":25021700}],"partition_msg_output":1,"partition_option":0,"ramping_time":0,"realtime_timeout":10,"save_snapshot":0,"save_snapshot_name":"snapshot","save_snapshot_time":1,"sim_option":0,"snapshot_cfg":0,"solver":0,"solver_option":0,"step_time":0.0001,"task_cmd":"","task_queue":""},"name":"电磁暂态仿真方案 1","rid":"function/CloudPSS/emtps"}],"configs":[{"args":{"L":10,"R":1,"code":"y=x+1;","psf":"","t1":1,"t2":1,"t3":1},"name":"默认参数方案","pins":{}}],"context":{"attribute":"normal","auth":"public","category":"component","currentConfig":0,"currentDiagramOpenList":[0],"currentDiagramRoot":0,"currentJob":0,"diagram":{"currentCanvas":-1,"openedCanvas":[{"key":"canvas_0","pos":{"x":392.5,"y":295,"zoom":1}}]},"graphic":{"nodes":{"0cb835f7-3b02-48c8-8639-df957db70058":{"attrs":{"bg":{"fill":"none","pointerEvents":"all","refHeight":"100%","refWidth":"100%","stroke":"none"},"body":{"d":"M 0 0 \nH 20\n","fill":"transparent","stroke":"var(--stroke)","strokeWidth":2},"text":{"fill":"#000000","fontFamily":"Arial, helvetica, sans-serif","fontSize":14,"refX":0.5,"refY":0.5,"textAnchor":"middle","textVerticalAnchor":"middle"}},"condition":"","id":"0cb835f7-3b02-48c8-8639-df957db70058","position":{"x":265,"y":145},"shape":"path","size":{"height":15,"width":45},"visible":true,"zIndex":8},"3af9dc72-8cc7-4a3d-a5a6-c1389d629846":{"attrs":{"bg":{"fill":"none","pointerEvents":"all","refHeight":"100%","refWidth":"100%","stroke":"none"},"body":{"d":"M 0 0\nH 20\nm -5 -5\nl 5 5\nm -5 5\nl 5 -5\n\nm -20 40\n\nH 20\nm -5 -5\nl 5 5\nm -5 5\nl 5 -5","fill":"transparent","stroke":"var(--stroke)","strokeWidth":2},"text":{"fill":"#000000","fontFamily":"Arial, helvetica, sans-serif","fontSize":14,"refX":0.5,"refY":0.5,"textAnchor":"middle","textVerticalAnchor":"middle"}},"condition":"","id":"3af9dc72-8cc7-4a3d-a5a6-c1389d629846","position":{"x":155,"y":125},"shape":"path","size":{"height":15,"width":30},"visible":true,"zIndex":5},"7c16c874-55c5-483e-9d18-c3c0362ef7aa":{"attrs":{"bg":{"refHeight":"100%","refWidth":"100%"},"body":{"fill":"var(--text)","fillOpacity":"var(--text-opacity)","fontFamily":"var(--font-family)","fontSize":12,"stroke":"transparent","strokeWidth":0,"textAnchor":"middle","textContent":"代码演示模块","y":"0.35em"},"refCenter":{"refX":0.5,"refY":0.5},"text":{"fill":"#000000","fontFamily":"Arial, helvetica, sans-serif","fontSize":14,"refX":0.5,"refY":0.5,"textAnchor":"middle","textVerticalAnchor":"middle"}},"condition":"","id":"7c16c874-55c5-483e-9d18-c3c0362ef7aa","position":{"x":200,"y":135},"shape":"text","size":{"height":20,"width":40},"visible":true,"zIndex":3},"8cca861c-fa5c-4313-907d-da01d42b2644":{"attrs":{"bg":{"refHeight":"100%","refWidth":"100%"},"body":{"stroke":"transparent"},"label":{"fill":"var(--cwe-diagram-graph-editor-pin-color)","fontSize":"var(--spectrum-global-dimension-font-size-100)","refX":0,"refX2":4,"refY":0,"textAnchor":"start","textContent":"out","y":"1em"},"text":{"fill":"#000000","fontFamily":"Arial, helvetica, sans-serif","fontSize":14,"refX":0.5,"refY":0.5,"textAnchor":"middle","textVerticalAnchor":"middle"}},"condition":"","id":"8cca861c-fa5c-4313-907d-da01d42b2644","position":{"x":285,"y":145},"shape":"port","size":{"height":15,"width":20},"visible":true,"zIndex":7},"934a7d2d-cd9f-4a1e-8da0-9a3c8c754bf8":{"attrs":{"label":{"textContent":"pin2"}},"condition":"","id":"934a7d2d-cd9f-4a1e-8da0-9a3c8c754bf8","position":{"x":155,"y":165},"shape":"port","size":{"height":15,"width":20},"visible":true,"zIndex":6},"dd49a1a9-695a-4d4c-b5ff-a90264190add":{"attrs":{"label":{"textContent":"pin1"}},"condition":"","id":"dd49a1a9-695a-4d4c-b5ff-a90264190add","position":{"x":155,"y":125},"shape":"port","size":{"height":15,"width":20},"visible":true,"zIndex":4},"e6e4d988-026b-4b3b-892a-67f294061e3e":{"attrs":{"body":{"fill":"var(--fill)","stroke":"var(--stroke)","strokeWidth":2}},"condition":"","id":"e6e4d988-026b-4b3b-892a-67f294061e3e","position":{"x":175,"y":115.0000000000002},"shape":"rect","size":{"height":60,"width":90},"visible":true,"zIndex":2}}},"groupSubscriptions":[{"key":"project-support:job-definition/cloudpss/emtp","name":"EMTP 元件","type":"official","visible":true},{"key":"project-support:job-definition/cloudpss/sfemt","name":"SFEMT 元件","type":"official","visible":true},{"key":"project-support:job-definition/cloudpss/power-flow","name":"潮流元件","type":"official","visible":true},{"key":"project-support:job-definition/cloudpss/ies-simulation","name":"综合能源系统元件","type":"official","visible":false},{"key":"greyd/模块演示","name":"greyd/模块演示","type":"self","visible":true},{"key":"greyd/演示","name":"greyd/演示","type":"self","visible":true},{"key":"greyd/新能源及储能","name":"greyd/新能源及储能","type":"self","visible":true},{"key":"greyd/tzd临时元件","name":"greyd/tzd临时元件","type":"self","visible":true}],"publicRead":true,"tag":"模块演示"},"tags":["project-category:component","project-group:greyd/模块演示"],"keywords":[],"description":"新建一个空白的电力系统仿真元件，可单独使用，亦可作为元件被其他模型调用。可进行元件内拓扑构建、元件参数/引脚/图标的封装配置、潮流计算、电磁暂态仿真、移频电磁暂态仿真计算及结果输出。","permissions":{"member":65551,"moderator":98367,"everyone":0},"revision":{"hash":"GyJX4y6SAVx4hWysEwCN9XwhZlk5b7gcehqyxQ02JNBS0jXHBr3OQvM_EK17uv8m","author":"greyd","message":"Saved by sim-studio(browser) 4.2.2","version":4,"documentation":"","graphic":{"attrs":{"p0":{"fill":"var(--fill)","fillOpacity":"var(--fill-opacity)","refPath":{"d":"m20000 0h90000v60000h-90000z","h":60000,"w":130000},"stroke":"var(--stroke)","strokeOpacity":"var(--stroke-opacity)","strokeWidth":"var(--stroke-width)"},"p1":{"fill":"transparent","fillOpacity":"var(--fill-opacity)","refPath":{"d":"m0 10000h20000m-5000 -5000l5000 5000m-5000 5000l5000 -5000m-20000 40000h20000m-5000 -5000l5000 5000m-5000 5000l5000 -5000m90000 -20000h20000","h":60000,"w":130000},"stroke":"var(--stroke)","strokeOpacity":"var(--stroke-opacity)","strokeWidth":"var(--stroke-width)"},"t0":{"fill":"var(--text)","fontSize":"var(--font-size)","refX":0.5,"refY":0.5,"stroke":"transparent","strokeWidth":"var(--stroke-width)","textAnchor":"middle"}},"generator":"x6","height":60,"markup":[{"condition":"","selector":"p0","tagName":"path"},{"condition":"","selector":"p1","tagName":"path"},{"attrs":{"y":"0.35em"},"condition":"","selector":"t0","tagName":"text","textContent":"代码演示模块"}],"pins":{"out":{"position":{"x":0.9999999,"y":0.5}},"pin1":{"position":{"x":0,"y":0.166667}},"pin2":{"position":{"x":0,"y":0.833333}}},"preserveAspectRatio":true,"width":130},"implements":{"emtp":{"octave":{"code":"x1 = pin1;\nx2 = pin2;\neval(args.code);\nout=y;"},"subType":"octave","type":"emtp"},"ies":null,"powerFlow":null,"sfemt":null},"parameters":[{"description":"基础设置","items":[{"description":"","input":"constant","key":"code","language":"octave","name":"","pattern":"^#.*?!$","signature":"","type":"code","value":"y=x1+x2;"}],"name":"Configuration"}],"pins":[{"connection":"input","data":"real","description":"pin1","dim":["1","1"],"key":"pin1","name":"pin1","visible":true},{"connection":"input","data":"real","description":"pin2","dim":["1","1"],"key":"pin2","name":"pin2","visible":true},{"connection":"output","data":"real","description":"out","dim":["1","1"],"key":"out","name":"out","visible":true}]}}