{"rid":"model/greyd/code_example","name":"code_example","jobs":[{"args":{"@debug":"","@priority":0,"@queue":1,"@tres":"cpu=1","begin_time":0,"comm":[],"comm_freq":1,"comm_protocol":0,"comm_type":0,"ctrlparallel_option":0,"dev_id":1,"dev_num":1,"end_time":1,"event_option":0,"init_cfg":0,"initial_type":0,"kernel_option":1,"load_snapshot":"0","load_snapshot_name":"","max_initial_time":1,"multi_dev_partition":[],"n_cpu":1,"n_ele_cpu":1,"only_partition":0,"output_channels":[{"0":"","1":1000,"2":"compressed","3":0,"4":["component_new_channel_1"],"ɵid":831863936}],"partition_info":[{"0":0,"1":"","2":"","ɵid":25021700}],"partition_msg_output":1,"partition_option":0,"ramping_time":0,"realtime_timeout":10,"save_snapshot":0,"save_snapshot_name":"snapshot","save_snapshot_time":1,"sim_option":0,"snapshot_cfg":0,"solver":0,"solver_option":0,"step_time":0.00005},"name":"默认方案","rid":"function/CloudPSS/emtps"}],"configs":[{"args":{},"name":"默认参数方案","pins":{}}],"context":{"category":"normal","counter":{"code演示模块":1,"component_code_example_":1,"component_new_channel_":1,"component_new_sgn_":1,"component_new_sin_gen_":1,"component_new_square_gen_":1,"component_new_tri_gen_":1,"三角波发生器":1,"方波发生器":1,"正弦发生器":1,"符号函数":1,"输出通道":1},"currentConfig":0,"currentJob":0,"diagram":{"currentCanvas":0,"openedCanvas":[{"key":"canvas_0","pos":{"x":174.5,"y":560,"zoom":1}}]},"groupSubscriptions":[{"key":"project-support:job-definition/cloudpss/emtp","name":"EMTP 元件","type":"official","visible":true},{"key":"project-support:job-definition/cloudpss/sfemt","name":"SFEMT 元件","type":"official","visible":true},{"key":"project-support:job-definition/cloudpss/power-flow","name":"潮流元件","type":"official","visible":true},{"key":"project-support:job-definition/cloudpss/ies-simulation","name":"综合能源系统元件","type":"official","visible":true},{"key":"greyd/模块演示","name":"greyd/模块演示","type":"self","visible":true},{"key":"greyd/演示","name":"greyd/演示","type":"self","visible":true},{"key":"greyd/新能源及储能","name":"greyd/新能源及储能","type":"self","visible":true},{"key":"greyd/tzd临时元件","name":"greyd/tzd临时元件","type":"self","visible":true}]},"tags":["project-category:normal"],"keywords":[],"description":"","permissions":{"member":65551,"moderator":98367,"everyone":0},"revision":{"hash":"9ILrNGmOPSiq3b6NS0R8RjCkZdK3BCdaDEPkzNO3XmtwhpFlH113FmXlDj_K0T_b","author":"greyd","message":"Saved by sim-studio(browser) 4.2.2","version":4,"documentation":"","graphic":{"attrs":{"body":{"refHeight":1,"refWidth":1,"refX":0,"refY":0},"pin-line":{"stroke":"var(--stroke)","strokeWidth":"var(--stroke-width)"}},"generator":"default","height":50,"markup":[{"selector":"body","tagName":"rect"}],"pins":{},"preserveAspectRatio":true,"width":50},"implements":{"diagram":{"canvas":[{"key":"canvas_0","name":"图纸 1"}],"cells":{"component_code_example_1":{"args":{"code":"y=x1+x2;"},"canvas":"canvas_0","context":{},"definition":"model/greyd/codeExample","flip":false,"id":"component_code_example_1","label":"code演示模块1","pins":{"out":"","pin1":"","pin2":""},"position":{"x":265,"y":465},"props":{"enabled":true,"outlineLevel":0},"shape":"diagram-component","size":{"height":60,"width":130},"style":{},"zIndex":1},"component_new_channel_1":{"args":{"Dim":1,"Name":""},"canvas":"canvas_0","context":{},"definition":"model/CloudPSS/_newChannel","flip":false,"id":"component_new_channel_1","label":"输出通道1","pins":{"0":""},"position":{"x":435,"y":485},"props":{"enabled":true,"outlineLevel":0},"shape":"diagram-component","size":{"height":20,"width":110},"style":{},"zIndex":6},"component_new_sin_gen_1":{"args":{"Dim":"0","F":10,"Mag":1,"Name":"","Offset":0,"Phase":0,"Type":"1"},"canvas":"canvas_0","context":{},"definition":"model/CloudPSS/_newSinGen","flip":false,"id":"component_new_sin_gen_1","label":"正弦发生器1","pins":{"0":"","1":"","2":"","3":""},"position":{"x":125,"y":530},"props":{"enabled":true,"outlineLevel":0},"shape":"diagram-component","size":{"height":60,"width":100},"style":{},"zIndex":8},"component_new_tri_gen_1":{"args":{"Duty":0.5,"F":500,"Max":0.1,"Min":-0.1,"Name":"","Phase":0},"canvas":"canvas_0","context":{},"definition":"model/CloudPSS/_newTriGen","flip":false,"id":"component_new_tri_gen_1","label":"三角波发生器1","pins":{"0":""},"position":{"x":125,"y":415},"props":{"enabled":true,"outlineLevel":0},"shape":"diagram-component","size":{"height":60,"width":100},"style":{},"zIndex":2},"edge_V4e4meINtpTX":{"attrs":{"line":{"sourceMarker":{"args":{"cx":0,"r":0.5},"fill":"var(--edge-stroke)","name":"circle"},"targetMarker":{"args":{"cx":0,"r":0.5},"fill":"var(--edge-stroke)","name":"circle"}},"lines":{"connection":true,"strokeLinejoin":"round"},"root":{"style":{"--stroke":"var(--edge-output-stroke,var(--edge-stroke))","--stroke-opacity":1,"--stroke-width":2}}},"canvas":"canvas_0","id":"edge_V4e4meINtpTX","shape":"diagram-edge","source":{"anchor":{"name":"center"},"cell":"component_new_sin_gen_1","port":"0"},"target":{"anchor":{"name":"center"},"cell":"component_code_example_1","port":"pin2"},"vertices":[],"zIndex":9},"edge_sTTsqFlN8GRV":{"attrs":{"line":{"sourceMarker":{"args":{"cx":0,"r":0.5},"fill":"var(--edge-stroke)","name":"circle"},"targetMarker":{"args":{"cx":0,"r":0.5},"fill":"var(--edge-stroke)","name":"circle"}},"lines":{"connection":true,"strokeLinejoin":"round"},"root":{"style":{"--stroke":"var(--edge-output-stroke,var(--edge-stroke))","--stroke-opacity":1,"--stroke-width":2}}},"canvas":"canvas_0","id":"edge_sTTsqFlN8GRV","shape":"diagram-edge","source":{"anchor":{"name":"center"},"cell":"component_code_example_1","port":"out"},"target":{"anchor":{"name":"center"},"cell":"component_new_channel_1","port":"0"},"vertices":[],"zIndex":7},"edge_wM2CtevyeJgV":{"attrs":{"line":{"sourceMarker":{"args":{"cx":0,"r":0.5},"fill":"var(--edge-stroke)","name":"circle"},"targetMarker":{"args":{"cx":0,"r":0.5},"fill":"var(--edge-stroke)","name":"circle"}},"lines":{"connection":true,"strokeLinejoin":"round"},"root":{"style":{"--stroke":"var(--edge-output-stroke,var(--edge-stroke))","--stroke-opacity":1,"--stroke-width":2}}},"canvas":"canvas_0","id":"edge_wM2CtevyeJgV","shape":"diagram-edge","source":{"anchor":{"name":"center"},"cell":"component_new_tri_gen_1","port":"0"},"target":{"anchor":{"name":"center"},"cell":"component_code_example_1","port":"pin1"},"vertices":[],"zIndex":3}},"geoInfoMaps":[],"type":"diagram","variables":[]}},"parameters":[],"pins":[]}}