{"rid":"model/admin/f0e4731d-06b5-5aef-bc5f-e06cd0430a14","name":"三联供综合能源系统","jobs":[{"args":{"@debug":"","@priority":0,"@queue":1,"@tres":"cpu=1","EndTime":"2021-01-02 00:00:00","MaxIteration":400,"OptimizationObjective":0,"StartTime":"2021-01-01 00:00:00","TimeStep":1,"sim_option":0,"simulationId":{"source":"is(service,\"Function\")?service(\"iesSimulation\").simulationId():\"\"","ɵexp":"s"}},"name":"综合能源系统运行优化方案 1","rid":"job-definition/cloudpss/ieslab-optimization"},{"args":{"@debug":"","@priority":0,"@queue":1,"@tres":"cpu=1","EndTime":"2021-01-02 00:00:00","StartTime":"2021-01-01 00:00:00","TimeStep":60,"simulationId":{"source":"is(service,\"Function\")?service(\"iesSimulation\").simulationId():\"\"","ɵexp":"s"},"task_cmd":""},"name":"综合能源系统仿真模拟方案 1","rid":"job-definition/cloudpss/ieslab-simulation"}],"configs":[{"args":{},"name":"默认参数方案","pins":{}}],"context":{"auth":"public","category":"normal","currentConfig":0,"currentJob":1,"currentJobFilter":"job-definition/cloudpss/ieslab-simulation","diagram":{"currentCanvas":0,"openedCanvas":[{"key":"canvas_0","pos":{"x":255.21875,"y":-326.4617919921875,"zoom":1}}]},"graphic":{},"groupSubscriptions":[{"key":"project-support:job-definition/cloudpss/emtp","name":"EMTP 元件","type":"official","visible":false},{"key":"project-support:job-definition/cloudpss/sfemt","name":"SFEMT 元件","type":"official","visible":false},{"key":"project-support:job-definition/cloudpss/power-flow","name":"潮流元件","type":"official","visible":false},{"key":"project-support:job-definition/cloudpss/ies-simulation","name":"综合能源系统元件","type":"official","visible":false},{"key":"project-support:job-definition/ies/ies-simulation","name":"综合能源系统仿真平台元件","type":"official","visible":true},{"key":"IES储能设备","name":"IES储能设备","type":"self","visible":true},{"key":"IES制冷制热设备","name":"IES制冷制热设备","type":"self","visible":true},{"key":"IES热力传输设备","name":"IES热力传输设备","type":"self","visible":true},{"key":"IES电力传输设备","name":"IES电力传输设备","type":"self","visible":true},{"key":"IES电源设备","name":"IES电源设备","type":"self","visible":true},{"key":"IES负荷","name":"IES负荷","type":"self","visible":true}],"publicRead":true},"tags":["project-category:normal","ies:simulation"],"description":"","revision":{"hash":"FA0Ikx-MlZKt_0sIIVTtRUn4KbZc86yJ6e8Sm44pEdn6hOED0Ox05yGA-VrLhKPf","author":"admin","message":"Saved by sim-studio(browser) 3.5.8","version":3,"documentation":"","graphic":{"attrs":{"body":{"refHeight":1,"refWidth":1,"refX":0,"refY":0},"pin-line":{"stroke":"var(--stroke)","strokeWidth":"var(--stroke-width)"}},"generator":"default","height":50,"markup":[{"selector":"body","tagName":"rect"}],"pins":{},"preserveAspectRatio":true,"width":50},"implements":{"diagram":{"canvas":[{"key":"canvas_0","name":"图纸 1"}],"cells":{"AbsorptionChiller_5":{"args":{"CompName":"吸收式制冷机","CompType":"0","CoolSupply":[{"0":"2021-01-01 00:00:00","1":[["1","1"]],"ɵid":57869659},{"0":"2021-01-01 01:00:00","1":[{"0":"2","1":"1","ɵid":1162232954}],"ɵid":468828555},{"0":"2021-01-01 02:00:00","1":[["3","1"]],"ɵid":1453300892},{"0":"2021-01-01 03:00:00","1":[["4","1"]],"ɵid":553512667},{"0":"2021-01-01 04:00:00","1":[["5","1"]],"2":"1","ɵid":1447356992},{"0":"2021-01-01 05:00:00","1":[["5","1"]],"ɵid":1604075602},{"0":"2021-01-01 06:00:00","1":[["5","1"]],"ɵid":300867633},{"0":"2021-01-01 07:00:00","1":[["5","1"]],"ɵid":768564680},{"0":"2021-01-01 08:00:00","1":[["5","1"]],"ɵid":544401209},{"0":"2021-01-01 09:00:00","1":[["5","1"]],"ɵid":1869681861},{"0":"2021-01-01 10:00:00","1":[["5","1"]],"ɵid":1302455045},{"0":"2021-01-01 11:00:00","1":[["5","1"]],"ɵid":1891724196},{"0":"2021-01-01 12:00:00","1":[["5","1"]],"ɵid":486392388},{"0":"2021-01-01 13:00:00","1":[["5","1"]],"ɵid":1392361853},{"0":"2021-01-01 14:00:00","1":[["5","1"]],"ɵid":1754938445},{"0":"2021-01-01 15:00:00","1":[["5","1"]],"ɵid":744490796},{"0":"2021-01-01 16:00:00","1":[["5","1"]],"ɵid":1902412651},{"0":"2021-01-01 17:00:00","1":[["5","1"]],"ɵid":71315891},{"0":"2021-01-01 18:00:00","1":[["5","1"]],"ɵid":481009107},{"0":"2021-01-01 19:00:00","1":[["5","1"]],"ɵid":1492523392},{"0":"2021-01-01 20:00:00","1":[["5","1"]],"ɵid":361943972},{"0":"2021-01-01 21:00:00","1":[["5","1"]],"ɵid":107724695},{"0":"2021-01-01 22:00:00","1":[["5","1"]],"ɵid":2126120666},{"0":"2021-01-01 23:00:00","1":[["5","1"]],"ɵid":2119170829}],"DeviceNumber":"1","DeviceSelection":"1688550423183819","OptimizationChoice":"0","OutletTemp":[["2021-01-01 00:00:00","10"],["2021-01-01 01:00:00","10"],["2021-01-01 02:00:00","10"],["2021-01-01 03:00:00","10"],["2021-01-01 04:00:00","10"],["2021-01-01 05:00:00","10"],["2021-01-01 06:00:00","10"],["2021-01-01 07:00:00","10"],["2021-01-01 08:00:00","10"],["2021-01-01 09:00:00","10"],["2021-01-01 10:00:00","10"],["2021-01-01 11:00:00","10"],["2021-01-01 12:00:00","10"],["2021-01-01 13:00:00","10"],["2021-01-01 14:00:00","10"],["2021-01-01 15:00:00","10"],["2021-01-01 16:00:00","10"],["2021-01-01 17:00:00","10"],["2021-01-01 18:00:00","10"],["2021-01-01 19:00:00","10"],["2021-01-01 20:00:00","10"],["2021-01-01 21:00:00","10"],["2021-01-01 22:00:00","10"],["2021-01-01 23:00:00","10"]],"SettingParaType":"1"},"canvas":"canvas_0","context":{},"definition":"model/CloudPSSIESSimulation/AbsorptionChiller","flip":false,"id":"AbsorptionChiller_5","label":"吸收式制冷机-1","pins":{"AC":"","DC":"","PrimaryInlet":"","PrimaryOutlet":"","SecondaryInlet":"","SecondaryOutlet":""},"position":{"x":160,"y":290},"props":{"enabled":true},"shape":"diagram-component","size":{"height":160,"width":200},"style":{"--fill":"var(--spectrum-global-color-gray-100)","--fill-opacity":1,"--font-family":"var(--spectrum-global-font-family-base, Arial, Helvetica, sans-serif)","--stroke":"var(--spectrum-global-color-gray-900)","--stroke-opacity":1,"--stroke-width":2,"--text":"var(--spectrum-global-color-gray-900)","--text-opacity":1},"zIndex":1},"BusNode_6":{"args":{"Angle":"0","CompType":"0","Name":"","V":1,"VBase":"0.38"},"canvas":"canvas_0","context":{},"definition":"model/CloudPSSIESSimulation/BusNode","flip":false,"id":"BusNode_6","label":"母线-1","pins":{"0":"","1":""},"position":{"x":-357.5,"y":54},"props":{"enabled":true},"shape":"diagram-component","size":{"height":45,"width":321},"style":{"--fill":"var(--spectrum-global-color-gray-100)","--fill-opacity":1,"--font-family":"var(--spectrum-global-font-family-base, Arial, Helvetica, sans-serif)","--stroke":"var(--spectrum-global-color-gray-900)","--stroke-opacity":1,"--stroke-width":2,"--text":"var(--spectrum-global-color-gray-900)","--text-opacity":1},"zIndex":2},"BusNode_8":{"args":{"Angle":"0","CompType":"0","Name":"","V":1,"VBase":"10"},"canvas":"canvas_0","context":{},"definition":"model/CloudPSSIESSimulation/BusNode","flip":false,"id":"BusNode_8","label":"母线-2","pins":{"0":"","1":""},"position":{"x":-340,"y":-157.5},"props":{"enabled":true},"shape":"diagram-component","size":{"height":45,"width":321},"style":{"--fill":"var(--spectrum-global-color-gray-100)","--fill-opacity":1,"--font-family":"var(--spectrum-global-font-family-base, Arial, Helvetica, sans-serif)","--stroke":"var(--spectrum-global-color-gray-900)","--stroke-opacity":1,"--stroke-width":2,"--text":"var(--spectrum-global-color-gray-900)","--text-opacity":1},"zIndex":3},"CentrifugalPump_3":{"args":{"CompName":"离心泵","CompType":"0","DeviceSelection":"1688550491578195","OptimizationChoice":"0","PumpSpeed":[["2021-01-01 00:00:00","2789"],["2021-01-01 01:00:00","2960"],["2021-01-01 02:00:00","2736"],["2021-01-01 03:00:00","2803"],["2021-01-01 04:00:00","2905"],["2021-01-01 05:00:00","2711"],["2021-01-01 06:00:00","2928"],["2021-01-01 07:00:00","2586"],["2021-01-01 08:00:00","2860"],["2021-01-01 09:00:00","2706"],["2021-01-01 10:00:00","2517"],["2021-01-01 11:00:00","2641"],["2021-01-01 12:00:00","2585"],["2021-01-01 13:00:00","2728"],["2021-01-01 14:00:00","2616"],["2021-01-01 15:00:00","2987"],["2021-01-01 16:00:00","2650"],["2021-01-01 17:00:00","2601"],["2021-01-01 18:00:00","2702"],["2021-01-01 19:00:00","2754"],["2021-01-01 20:00:00","2589"],["2021-01-01 21:00:00","2652"],["2021-01-01 22:00:00","2719"],["2021-01-01 23:00:00","2661"]]},"canvas":"canvas_0","context":{},"definition":"model/CloudPSSIESSimulation/CentrifugalPump","flip":false,"id":"CentrifugalPump_3","label":"离心泵-1","pins":{"AC":"","DC":"","waterInlet":"","waterOutlet":""},"position":{"x":-335,"y":595},"props":{"enabled":true},"shape":"diagram-component","size":{"height":100,"width":120},"style":{"--fill":"var(--spectrum-global-color-gray-100)","--fill-opacity":1,"--font-family":"var(--spectrum-global-font-family-base, Arial, Helvetica, sans-serif)","--stroke":"var(--spectrum-global-color-gray-900)","--stroke-opacity":1,"--stroke-width":2,"--text":"var(--spectrum-global-color-gray-900)","--text-opacity":1},"zIndex":4},"CentrifugalPump_4":{"angle":270,"args":{"CompName":"离心泵","CompType":"0","DeviceSelection":"1688550491578195","OptimizationChoice":"0","PumpSpeed":[["2021-01-01 00:00:00","2789"],["2021-01-01 01:00:00","2960"],["2021-01-01 02:00:00","2736"],["2021-01-01 03:00:00","2803"],["2021-01-01 04:00:00","2905"],["2021-01-01 05:00:00","2711"],["2021-01-01 06:00:00","2928"],["2021-01-01 07:00:00","2586"],["2021-01-01 08:00:00","2860"],["2021-01-01 09:00:00","2706"],["2021-01-01 10:00:00","2517"],["2021-01-01 11:00:00","2641"],["2021-01-01 12:00:00","2585"],["2021-01-01 13:00:00","2728"],["2021-01-01 14:00:00","2616"],["2021-01-01 15:00:00","2987"],["2021-01-01 16:00:00","2650"],["2021-01-01 17:00:00","2601"],["2021-01-01 18:00:00","2702"],["2021-01-01 19:00:00","2754"],["2021-01-01 20:00:00","2589"],["2021-01-01 21:00:00","2652"],["2021-01-01 22:00:00","2719"],["2021-01-01 23:00:00","2661"]]},"canvas":"canvas_0","context":{},"definition":"model/CloudPSSIESSimulation/CentrifugalPump","flip":true,"id":"CentrifugalPump_4","label":"离心泵-2","pins":{"AC":"","DC":"","waterInlet":"","waterOutlet":""},"position":{"x":280,"y":380},"props":{"enabled":true},"shape":"diagram-component","size":{"height":180,"width":200},"style":{"--fill":"var(--spectrum-global-color-gray-100)","--fill-opacity":1,"--font-family":"var(--spectrum-global-font-family-base, Arial, Helvetica, sans-serif)","--stroke":"var(--spectrum-global-color-gray-900)","--stroke-opacity":1,"--stroke-width":2,"--text":"var(--spectrum-global-color-gray-900)","--text-opacity":1},"zIndex":5},"CentrifugalPump_6":{"args":{"CompName":"离心泵","CompType":"0","DeviceSelection":"1688550491578195","OptimizationChoice":"0","PumpSpeed":[["2021-01-01 00:00:00","2789"],["2021-01-01 01:00:00","2960"],["2021-01-01 02:00:00","2736"],["2021-01-01 03:00:00","2803"],["2021-01-01 04:00:00","2905"],["2021-01-01 05:00:00","2711"],["2021-01-01 06:00:00","2928"],["2021-01-01 07:00:00","2586"],["2021-01-01 08:00:00","2860"],["2021-01-01 09:00:00","2706"],["2021-01-01 10:00:00","2517"],["2021-01-01 11:00:00","2641"],["2021-01-01 12:00:00","2585"],["2021-01-01 13:00:00","2728"],["2021-01-01 14:00:00","2616"],["2021-01-01 15:00:00","2987"],["2021-01-01 16:00:00","2650"],["2021-01-01 17:00:00","2601"],["2021-01-01 18:00:00","2702"],["2021-01-01 19:00:00","2754"],["2021-01-01 20:00:00","2589"],["2021-01-01 21:00:00","2652"],["2021-01-01 22:00:00","2719"],["2021-01-01 23:00:00","2661"]]},"canvas":"canvas_0","context":{},"definition":"model/CloudPSSIESSimulation/CentrifugalPump","flip":false,"id":"CentrifugalPump_6","label":"离心泵-3","pins":{"AC":"","DC":"","waterInlet":"","waterOutlet":""},"position":{"x":-35,"y":230},"props":{"enabled":true},"shape":"diagram-component","size":{"height":180,"width":200},"style":{"--fill":"var(--spectrum-global-color-gray-100)","--fill-opacity":1,"--font-family":"var(--spectrum-global-font-family-base, Arial, Helvetica, sans-serif)","--stroke":"var(--spectrum-global-color-gray-900)","--stroke-opacity":1,"--stroke-width":2,"--text":"var(--spectrum-global-color-gray-900)","--text-opacity":1},"zIndex":6},"CentrifugalPump_8":{"args":{"CompName":"离心泵","CompType":"0","DeviceSelection":"1688550491578195","OptimizationChoice":"0","PumpSpeed":[["2021-01-01 00:00:00","2789"],["2021-01-01 01:00:00","2960"],["2021-01-01 02:00:00","2736"],["2021-01-01 03:00:00","2803"],["2021-01-01 04:00:00","2905"],["2021-01-01 05:00:00","2711"],["2021-01-01 06:00:00","2928"],["2021-01-01 07:00:00","2586"],["2021-01-01 08:00:00","2860"],["2021-01-01 09:00:00","2706"],["2021-01-01 10:00:00","2517"],["2021-01-01 11:00:00","2641"],["2021-01-01 12:00:00","2585"],["2021-01-01 13:00:00","2728"],["2021-01-01 14:00:00","2616"],["2021-01-01 15:00:00","2987"],["2021-01-01 16:00:00","2650"],["2021-01-01 17:00:00","2601"],["2021-01-01 18:00:00","2702"],["2021-01-01 19:00:00","2754"],["2021-01-01 20:00:00","2589"],["2021-01-01 21:00:00","2652"],["2021-01-01 22:00:00","2719"],["2021-01-01 23:00:00","2661"]]},"canvas":"canvas_0","context":{},"definition":"model/CloudPSSIESSimulation/CentrifugalPump","flip":true,"id":"CentrifugalPump_8","label":"离心泵-4","pins":{"AC":"","DC":"","waterInlet":"","waterOutlet":""},"position":{"x":565,"y":30},"props":{"enabled":true},"shape":"diagram-component","size":{"height":120,"width":160},"style":{"--fill":"var(--spectrum-global-color-gray-100)","--fill-opacity":1,"--font-family":"var(--spectrum-global-font-family-base, Arial, Helvetica, sans-serif)","--stroke":"var(--spectrum-global-color-gray-900)","--stroke-opacity":1,"--stroke-width":2,"--text":"var(--spectrum-global-color-gray-900)","--text-opacity":1},"zIndex":7},"CompRefrg_3":{"args":{"CompName":"电压缩制冷机","CompType":"0","CoolSupply":[{"0":"2021-01-01 00:00:00","1":[["1","1"]],"ɵid":1077086971},{"0":"2021-01-01 01:00:00","1":[["2","1"]],"ɵid":1981352374},{"0":"2021-01-01 02:00:00","1":[["3","1"]],"ɵid":1596037330},{"0":"2021-01-01 03:00:00","1":[["4","1"]],"ɵid":434018402},{"0":"2021-01-01 04:00:00","1":[["5","1"]],"2":"1","ɵid":1854603089},{"0":"2021-01-01 05:00:00","1":[["5","1"]],"ɵid":1560445524},{"0":"2021-01-01 06:00:00","1":[["5","1"]],"ɵid":1017717534},{"0":"2021-01-01 07:00:00","1":[["5","1"]],"ɵid":390555886},{"0":"2021-01-01 08:00:00","1":[["5","1"]],"ɵid":1399123441},{"0":"2021-01-01 09:00:00","1":[["5","1"]],"ɵid":1774712411},{"0":"2021-01-01 10:00:00","1":[["5","1"]],"ɵid":1398670036},{"0":"2021-01-01 11:00:00","1":[["5","1"]],"ɵid":1174079743},{"0":"2021-01-01 12:00:00","1":[["5","1"]],"ɵid":2015289053},{"0":"2021-01-01 13:00:00","1":[["5","1"]],"ɵid":320790110},{"0":"2021-01-01 14:00:00","1":[["5","1"]],"ɵid":401417978},{"0":"2021-01-01 15:00:00","1":[["5","1"]],"ɵid":900607331},{"0":"2021-01-01 16:00:00","1":[["5","1"]],"ɵid":550470572},{"0":"2021-01-01 17:00:00","1":[["5","1"]],"ɵid":1982297798},{"0":"2021-01-01 18:00:00","1":[["5","1"]],"ɵid":1397712139},{"0":"2021-01-01 19:00:00","1":[["5","1"]],"ɵid":733934878},{"0":"2021-01-01 20:00:00","1":[["5","1"]],"ɵid":1065493647},{"0":"2021-01-01 21:00:00","1":[["5","1"]],"ɵid":142304057},{"0":"2021-01-01 22:00:00","1":[["5","1"]],"ɵid":322179658},{"0":"2021-01-01 23:00:00","1":[["5","1"]],"ɵid":1202781370}],"DeviceNumber":"1","DeviceSelection":"1688550399221947","OptimizationChoice":"1","OutletTemp":[{"0":"2021-01-01 00:00:00","1":"10","ɵid":1538717294},{"0":"2021-01-01 01:00:00","1":"10","ɵid":1650948449},{"0":"2021-01-01 02:00:00","1":"10","ɵid":1746080675},{"0":"2021-01-01 03:00:00","1":"10","ɵid":1823746253},{"0":"2021-01-01 04:00:00","1":"10","ɵid":1950716641},{"0":"2021-01-01 05:00:00","1":"10","ɵid":1470904991},{"0":"2021-01-01 06:00:00","1":"10","ɵid":70639184},{"0":"2021-01-01 07:00:00","1":"10","ɵid":661740266},{"0":"2021-01-01 08:00:00","1":"10","ɵid":648293644},{"0":"2021-01-01 09:00:00","1":"10","ɵid":137444628},{"0":"2021-01-01 10:00:00","1":"10","ɵid":1297147591},{"0":"2021-01-01 11:00:00","1":"10","ɵid":762696656},{"0":"2021-01-01 12:00:00","1":"10","ɵid":233977820},{"0":"2021-01-01 13:00:00","1":"10","ɵid":564566018},{"0":"2021-01-01 14:00:00","1":"10","ɵid":1692961425},{"0":"2021-01-01 15:00:00","1":"10","ɵid":1211454747},{"0":"2021-01-01 16:00:00","1":"10","ɵid":1149667537},{"0":"2021-01-01 17:00:00","1":"10","ɵid":1042684438},{"0":"2021-01-01 18:00:00","1":"10","ɵid":2006236388},{"0":"2021-01-01 19:00:00","1":"10","ɵid":617985499},{"0":"2021-01-01 20:00:00","1":"10","ɵid":386392201},{"0":"2021-01-01 21:00:00","1":"10","ɵid":1232242933},{"0":"2021-01-01 22:00:00","1":"10","ɵid":2009589587},{"0":"2021-01-01 23:00:00","1":"10","ɵid":809791518}],"SettingParaType":"0"},"canvas":"canvas_0","context":{},"definition":"model/CloudPSSIESSimulation/ElectricConditioner","flip":true,"id":"CompRefrg_3","label":"电压缩制冷机-1","pins":{"AC":"","DC":"","Inlet":"","Outlet":""},"position":{"x":674.5,"y":163.5},"props":{"enabled":true},"shape":"diagram-component","size":{"height":160,"width":160},"style":{"--fill":"var(--spectrum-global-color-gray-100)","--fill-opacity":1,"--font-family":"var(--spectrum-global-font-family-base, Arial, Helvetica, sans-serif)","--stroke":"var(--spectrum-global-color-gray-900)","--stroke-opacity":1,"--stroke-width":2,"--text":"var(--spectrum-global-color-gray-900)","--text-opacity":1},"zIndex":8},"ElectricalLoad_1":{"args":{"CompName":"住宅电负荷","CompType":"0","DemandChargePriceModel":"0","ElectricalLoad":"1688550626242115","PowerPriceModel":"1688550707172762"},"canvas":"canvas_0","context":{},"definition":"model/CloudPSSIESSimulation/ElectricLoad","flip":false,"id":"ElectricalLoad_1","label":"电负荷-1","pins":{"ACPin":"","DCPin":""},"position":{"x":-176,"y":76.5},"props":{"enabled":true},"shape":"diagram-component","size":{"height":160,"width":120},"style":{"--fill":"var(--spectrum-global-color-gray-100)","--fill-opacity":1,"--font-family":"var(--spectrum-global-font-family-base, Arial, Helvetica, sans-serif)","--stroke":"var(--spectrum-global-color-gray-900)","--stroke-opacity":1,"--stroke-width":2,"--text":"var(--spectrum-global-color-gray-900)","--text-opacity":1},"zIndex":9},"ElectricalLoad_3":{"args":{"CompName":"医院电负荷","CompType":"0","DemandChargePriceModel":"0","ElectricalLoad":"1688550638210967","PowerPriceModel":"1688550707172762"},"canvas":"canvas_0","context":{},"definition":"model/CloudPSSIESSimulation/ElectricLoad","flip":false,"id":"ElectricalLoad_3","label":"电负荷-2","pins":{"ACPin":"","DCPin":""},"position":{"x":-272.5,"y":76.43220932810505},"props":{"enabled":true},"shape":"diagram-component","size":{"height":160,"width":120},"style":{"--fill":"var(--spectrum-global-color-gray-100)","--fill-opacity":1,"--font-family":"var(--spectrum-global-font-family-base, Arial, Helvetica, sans-serif)","--stroke":"var(--spectrum-global-color-gray-900)","--stroke-opacity":1,"--stroke-width":2,"--text":"var(--spectrum-global-color-gray-900)","--text-opacity":1},"zIndex":10},"ElectricalLoad_4":{"args":{"CompName":"工厂负荷","CompType":"0","DemandChargePriceModel":"0","ElectricalLoad":"1688550645807098","PowerPriceModel":"1688550707172762"},"canvas":"canvas_0","context":{},"definition":"model/CloudPSSIESSimulation/ElectricLoad","flip":false,"id":"ElectricalLoad_4","label":"电负荷-3","pins":{"ACPin":"","DCPin":""},"position":{"x":232,"y":-170.56779067189495},"props":{"enabled":true},"shape":"diagram-component","size":{"height":160,"width":120},"style":{"--fill":"var(--spectrum-global-color-gray-100)","--fill-opacity":1,"--font-family":"var(--spectrum-global-font-family-base, Arial, Helvetica, sans-serif)","--stroke":"var(--spectrum-global-color-gray-900)","--stroke-opacity":1,"--stroke-width":2,"--text":"var(--spectrum-global-color-gray-900)","--text-opacity":1},"zIndex":11},"ElectricalLoad_5":{"args":{"CompName":"仓库负荷","CompType":"0","DemandChargePriceModel":"0","ElectricalLoad":"1688550655885602","PowerPriceModel":"1688550707172762"},"canvas":"canvas_0","context":{},"definition":"model/CloudPSSIESSimulation/ElectricLoad","flip":false,"id":"ElectricalLoad_5","label":"电负荷-4","pins":{"ACPin":"","DCPin":""},"position":{"x":389,"y":-170.56779067189495},"props":{"enabled":true},"shape":"diagram-component","size":{"height":160,"width":120},"style":{"--fill":"var(--spectrum-global-color-gray-100)","--fill-opacity":1,"--font-family":"var(--spectrum-global-font-family-base, Arial, Helvetica, sans-serif)","--stroke":"var(--spectrum-global-color-gray-900)","--stroke-opacity":1,"--stroke-width":2,"--text":"var(--spectrum-global-color-gray-900)","--text-opacity":1},"zIndex":12},"ExternalPowerSource_4":{"args":{"Angle":"0","CompName":"市政供电","FuelModel":"1688550673036025","PurchasePriceModel":"1688550719546159","SalePriceModel":"0","Voltage":"10"},"canvas":"canvas_0","context":{},"definition":"model/CloudPSSIESSimulation/ExternalPowerSource","flip":false,"id":"ExternalPowerSource_4","label":"外部电源-1","pins":{"AC":""},"position":{"x":-340,"y":-375},"props":{"enabled":true},"shape":"diagram-component","size":{"height":120,"width":180},"style":{"--fill":"var(--spectrum-global-color-gray-100)","--fill-opacity":1,"--font-family":"var(--spectrum-global-font-family-base, Arial, Helvetica, sans-serif)","--stroke":"var(--spectrum-global-color-gray-900)","--stroke-opacity":1,"--stroke-width":2,"--text":"var(--spectrum-global-color-gray-900)","--text-opacity":1},"zIndex":13},"GasTurbine_2":{"args":{"CompName":"燃气轮机","CompType":"0","DeviceNumber":"2","DeviceSelection":"1688550370825390","FuelPriceModel":"1688550673036025","OptimizationChoice":"0","OutletTemp":[["2021-01-01 00:00:00","80"],["2021-01-01 01:00:00","80"],["2021-01-01 02:00:00","80"],["2021-01-01 03:00:00","80"],["2021-01-01 04:00:00","80"],["2021-01-01 05:00:00","80"],["2021-01-01 06:00:00","80"],["2021-01-01 07:00:00","80"],["2021-01-01 08:00:00","80"],["2021-01-01 09:00:00","80"],["2021-01-01 10:00:00","80"],["2021-01-01 11:00:00","80"],["2021-01-01 12:00:00","80"],["2021-01-01 13:00:00","80"],["2021-01-01 14:00:00","80"],["2021-01-01 15:00:00","80"],["2021-01-01 16:00:00","80"],["2021-01-01 17:00:00","80"],["2021-01-01 18:00:00","80"],["2021-01-01 19:00:00","80"],["2021-01-01 20:00:00","80"],["2021-01-01 21:00:00","80"],["2021-01-01 22:00:00","80"],["2021-01-01 23:00:00","80"]],"PowerGenerating":[["2021-01-01 00:00:00",[["1","1"]]],["2021-01-01 01:00:00",[["2","1"]]],["2021-01-01 02:00:00",[["3","1"]]],["2021-01-01 03:00:00",[["4","1"]]],["2021-01-01 04:00:00",[["5","1"]],"1"],["2021-01-01 05:00:00",[["5","1"]]],["2021-01-01 06:00:00",[["5","1"]]],["2021-01-01 07:00:00",[["5","1"]]],["2021-01-01 08:00:00",[["5","1"]]],["2021-01-01 09:00:00",[["5","1"]]],["2021-01-01 10:00:00",[["5","1"]]],["2021-01-01 11:00:00",[["5","1"]]],["2021-01-01 12:00:00",[["5","1"]]],["2021-01-01 13:00:00",[["5","1"]]],["2021-01-01 14:00:00",[["5","1"]]],["2021-01-01 15:00:00",[["5","1"]]],["2021-01-01 16:00:00",[["5","1"]]],["2021-01-01 17:00:00",[["5","1"]]],["2021-01-01 18:00:00",[["5","1"]]],["2021-01-01 19:00:00",[["5","1"]]],["2021-01-01 20:00:00",[["5","1"]]],["2021-01-01 21:00:00",[["5","1"]]],["2021-01-01 22:00:00",[["5","1"]]],["2021-01-01 23:00:00",[["5","1"]]]],"SettingParaType":"0"},"canvas":"canvas_0","context":{},"definition":"model/CloudPSSIESSimulation/GasTurbine","flip":true,"id":"GasTurbine_2","label":"燃气轮机-1","pins":{"AC":"","DC":"","InletWater":"","OutletWater":""},"position":{"x":-335,"y":310},"props":{"enabled":true},"shape":"diagram-component","size":{"height":150,"width":220},"style":{"--fill":"var(--spectrum-global-color-gray-100)","--fill-opacity":1,"--font-family":"var(--spectrum-global-font-family-base, Arial, Helvetica, sans-serif)","--stroke":"var(--spectrum-global-color-gray-900)","--stroke-opacity":1,"--stroke-width":2,"--text":"var(--spectrum-global-color-gray-900)","--text-opacity":1},"zIndex":14},"Pipe_1":{"args":{"CompName":"管道","DeviceSelection":"1688550501594073","Length":"1500","elevation":"0"},"canvas":"canvas_0","context":{},"definition":"model/CloudPSSIESSimulation/Pipe","flip":false,"id":"Pipe_1","label":"管道-1","pins":{"Inlet":"","Outlet":""},"position":{"x":-184,"y":587.5},"props":{"enabled":true},"shape":"diagram-component","size":{"height":20,"width":100},"style":{"--fill":"var(--spectrum-global-color-gray-100)","--fill-opacity":1,"--font-family":"var(--spectrum-global-font-family-base, Arial, Helvetica, sans-serif)","--stroke":"var(--spectrum-global-color-gray-900)","--stroke-opacity":1,"--stroke-width":2,"--text":"var(--spectrum-global-color-gray-900)","--text-opacity":1},"zIndex":15},"Pipe_2":{"args":{"CompName":"管道","DeviceSelection":"1688550501594073","Length":"1500","elevation":"0"},"canvas":"canvas_0","context":{},"definition":"model/CloudPSSIESSimulation/Pipe","flip":false,"id":"Pipe_2","label":"管道-2","pins":{"Inlet":"","Outlet":""},"position":{"x":-189,"y":747.5},"props":{"enabled":true},"shape":"diagram-component","size":{"height":20,"width":100},"style":{"--fill":"var(--spectrum-global-color-gray-100)","--fill-opacity":1,"--font-family":"var(--spectrum-global-font-family-base, Arial, Helvetica, sans-serif)","--stroke":"var(--spectrum-global-color-gray-900)","--stroke-opacity":1,"--stroke-width":2,"--text":"var(--spectrum-global-color-gray-900)","--text-opacity":1},"zIndex":16},"Pipe_3":{"angle":90,"args":{"CompName":"管道","DeviceSelection":"1688550501594073","Length":"800","elevation":"0"},"canvas":"canvas_0","context":{},"definition":"model/CloudPSSIESSimulation/Pipe","flip":false,"id":"Pipe_3","label":"管道-3","pins":{"Inlet":"","Outlet":""},"position":{"x":375,"y":605},"props":{"enabled":true},"shape":"diagram-component","size":{"height":30,"width":100},"style":{"--fill":"var(--spectrum-global-color-gray-100)","--fill-opacity":1,"--font-family":"var(--spectrum-global-font-family-base, Arial, Helvetica, sans-serif)","--stroke":"var(--spectrum-global-color-gray-900)","--stroke-opacity":1,"--stroke-width":2,"--text":"var(--spectrum-global-color-gray-900)","--text-opacity":1},"zIndex":17},"Pipe_5":{"args":{"CompName":"管道","DeviceSelection":"1688550501594073","Length":"1500","elevation":"0"},"canvas":"canvas_0","context":{},"definition":"model/CloudPSSIESSimulation/Pipe","flip":false,"id":"Pipe_5","label":"管道-4","pins":{"Inlet":"","Outlet":""},"position":{"x":495,"y":800},"props":{"enabled":true},"shape":"diagram-component","size":{"height":33,"width":120},"style":{"--fill":"var(--spectrum-global-color-gray-100)","--fill-opacity":1,"--font-family":"var(--spectrum-global-font-family-base, Arial, Helvetica, sans-serif)","--stroke":"var(--spectrum-global-color-gray-900)","--stroke-opacity":1,"--stroke-width":2,"--text":"var(--spectrum-global-color-gray-900)","--text-opacity":1},"zIndex":18},"Pipe_6":{"angle":90,"args":{"CompName":"管道","DeviceSelection":"1688550501594073","Length":"800","elevation":"0"},"canvas":"canvas_0","context":{},"definition":"model/CloudPSSIESSimulation/Pipe","flip":false,"id":"Pipe_6","label":"管道-5","pins":{"Inlet":"","Outlet":""},"position":{"x":500,"y":380},"props":{"enabled":true},"shape":"diagram-component","size":{"height":33,"width":120},"style":{"--fill":"var(--spectrum-global-color-gray-100)","--fill-opacity":1,"--font-family":"var(--spectrum-global-font-family-base, Arial, Helvetica, sans-serif)","--stroke":"var(--spectrum-global-color-gray-900)","--stroke-opacity":1,"--stroke-width":2,"--text":"var(--spectrum-global-color-gray-900)","--text-opacity":1},"zIndex":19},"ThermalLoad_4":{"args":{"CompName":"住宅负荷","CoolingPriceModel":"1688550692618095","HeatPriceModel":"1688550682917245","HeatingLoad":"1688550529618840","LocalPressureDropCoe":"100","MaxOutletColdTemp":"40","MaxOutletHeatTemp":"90","MiniOutletColdTemp":"5","MiniOutletHeatTemp":"30"},"canvas":"canvas_0","context":{},"definition":"model/CloudPSSIESSimulation/ThermalLoad","flip":false,"id":"ThermalLoad_4","label":"采暖制冷负荷-1","pins":{"WaterInput":"","WaterOutput":""},"position":{"x":-65,"y":545},"props":{"enabled":true},"shape":"diagram-component","size":{"height":140,"width":150},"style":{"--fill":"var(--spectrum-global-color-gray-100)","--fill-opacity":1,"--font-family":"var(--spectrum-global-font-family-base, Arial, Helvetica, sans-serif)","--stroke":"var(--spectrum-global-color-gray-900)","--stroke-opacity":1,"--stroke-width":2,"--text":"var(--spectrum-global-color-gray-900)","--text-opacity":1},"zIndex":20},"ThermalLoad_5":{"args":{"CompName":"学校负荷","CoolingPriceModel":"1688550692618095","HeatPriceModel":"1688550682917245","HeatingLoad":"1688550539385492","LocalPressureDropCoe":"100","MaxOutletColdTemp":"40","MaxOutletHeatTemp":"90","MiniOutletColdTemp":"5","MiniOutletHeatTemp":"30"},"canvas":"canvas_0","context":{},"definition":"model/CloudPSSIESSimulation/ThermalLoad","flip":false,"id":"ThermalLoad_5","label":"采暖制冷负荷-2","pins":{"WaterInput":"","WaterOutput":""},"position":{"x":615,"y":475},"props":{"enabled":true},"shape":"diagram-component","size":{"height":140,"width":150},"style":{"--fill":"var(--spectrum-global-color-gray-100)","--fill-opacity":1,"--font-family":"var(--spectrum-global-font-family-base, Arial, Helvetica, sans-serif)","--stroke":"var(--spectrum-global-color-gray-900)","--stroke-opacity":1,"--stroke-width":2,"--text":"var(--spectrum-global-color-gray-900)","--text-opacity":1},"zIndex":21},"ThermalLoad_6":{"args":{"CompName":"住宅负荷","CoolingPriceModel":"1688550692618095","HeatPriceModel":"1688550682917245","HeatingLoad":"1688550552486935","LocalPressureDropCoe":"100","MaxOutletColdTemp":"40","MaxOutletHeatTemp":"90","MiniOutletColdTemp":"5","MiniOutletHeatTemp":"30"},"canvas":"canvas_0","context":{},"definition":"model/CloudPSSIESSimulation/ThermalLoad","flip":false,"id":"ThermalLoad_6","label":"采暖制冷负荷-3","pins":{"WaterInput":"","WaterOutput":""},"position":{"x":-65,"y":704},"props":{"enabled":true},"shape":"diagram-component","size":{"height":140,"width":150},"style":{"--fill":"var(--spectrum-global-color-gray-100)","--fill-opacity":1,"--font-family":"var(--spectrum-global-font-family-base, Arial, Helvetica, sans-serif)","--stroke":"var(--spectrum-global-color-gray-900)","--stroke-opacity":1,"--stroke-width":2,"--text":"var(--spectrum-global-color-gray-900)","--text-opacity":1},"zIndex":22},"ThermalLoad_7":{"args":{"CompName":"冷负荷","CoolingPriceModel":"1688550692618095","HeatPriceModel":"1688550682917245","HeatingLoad":"1688550584409096","LocalPressureDropCoe":"100","MaxOutletColdTemp":"40","MaxOutletHeatTemp":"90","MiniOutletColdTemp":"5","MiniOutletHeatTemp":"30"},"canvas":"canvas_0","context":{},"definition":"model/CloudPSSIESSimulation/ThermalLoad","flip":false,"id":"ThermalLoad_7","label":"采暖制冷负荷-4","pins":{"WaterInput":"","WaterOutput":""},"position":{"x":615,"y":620},"props":{"enabled":true},"shape":"diagram-component","size":{"height":140,"width":150},"style":{"--fill":"var(--spectrum-global-color-gray-100)","--fill-opacity":1,"--font-family":"var(--spectrum-global-font-family-base, Arial, Helvetica, sans-serif)","--stroke":"var(--spectrum-global-color-gray-900)","--stroke-opacity":1,"--stroke-width":2,"--text":"var(--spectrum-global-color-gray-900)","--text-opacity":1},"zIndex":23},"ThermalLoad_8":{"args":{"CompName":"负荷","CoolingPriceModel":"1688550692618095","HeatPriceModel":"1688550682917245","HeatingLoad":"1688550611956323","LocalPressureDropCoe":"100","MaxOutletColdTemp":"40","MaxOutletHeatTemp":"90","MiniOutletColdTemp":"5","MiniOutletHeatTemp":"30"},"canvas":"canvas_0","context":{},"definition":"model/CloudPSSIESSimulation/ThermalLoad","flip":false,"id":"ThermalLoad_8","label":"采暖制冷负荷-5","pins":{"WaterInput":"","WaterOutput":""},"position":{"x":635,"y":760},"props":{"enabled":true},"shape":"diagram-component","size":{"height":140,"width":150},"style":{"--fill":"var(--spectrum-global-color-gray-100)","--fill-opacity":1,"--font-family":"var(--spectrum-global-font-family-base, Arial, Helvetica, sans-serif)","--stroke":"var(--spectrum-global-color-gray-900)","--stroke-opacity":1,"--stroke-width":2,"--text":"var(--spectrum-global-color-gray-900)","--text-opacity":1},"zIndex":24},"TransferLine_2":{"args":{"CompName":"传输线","CompType":"0","DeviceSelection":"1688550472332479","Length":"2"},"canvas":"canvas_0","context":{},"definition":"model/CloudPSSIESSimulation/TransferLine","flip":false,"id":"TransferLine_2","label":"传输线-1","pins":{"AC_Inlet":"","AC_Outlet":"","DC_Inlet":"","DC_Outlet":""},"position":{"x":15,"y":-200},"props":{"enabled":true},"shape":"diagram-component","size":{"height":23,"width":120},"style":{"--fill":"var(--spectrum-global-color-gray-100)","--fill-opacity":1,"--font-family":"var(--spectrum-global-font-family-base, Arial, Helvetica, sans-serif)","--stroke":"var(--spectrum-global-color-gray-900)","--stroke-opacity":1,"--stroke-width":2,"--text":"var(--spectrum-global-color-gray-900)","--text-opacity":1},"zIndex":25},"Transformer_1":{"angle":90,"args":{"CompName":"交流变压器","DeviceSelection":"1688550453440250"},"canvas":"canvas_0","context":{},"definition":"model/CloudPSSIESSimulation/Transformer","flip":false,"id":"Transformer_1","label":"交流变压器-1","pins":{"AC1":"","AC2":""},"position":{"x":-295,"y":-95},"props":{"enabled":true},"shape":"diagram-component","size":{"height":120,"width":200},"style":{"--fill":"var(--spectrum-global-color-gray-100)","--fill-opacity":1,"--font-family":"var(--spectrum-global-font-family-base, Arial, Helvetica, sans-serif)","--stroke":"var(--spectrum-global-color-gray-900)","--stroke-opacity":1,"--stroke-width":2,"--text":"var(--spectrum-global-color-gray-900)","--text-opacity":1},"zIndex":26},"edge_141":{"attrs":{"line":{"targetMarker":{"args":{"cx":0,"r":0.5}}},"root":{"style":{"--stroke":"var(--edge-electricalAc-stroke,var(--edge-stroke))","--stroke-opacity":1,"--stroke-width":4}}},"canvas":"canvas_0","id":"edge_141","shape":"diagram-edge","source":{"anchor":{"name":"center"},"cell":"ElectricalLoad_3","port":"ACPin"},"target":{"anchor":{"args":{"dx":"-8%","dy":"0%","rotate":true},"name":"center"},"cell":"BusNode_6","port":"0"},"vertices":[],"zIndex":27},"edge_142":{"attrs":{"line":{"targetMarker":{"args":{"cx":0,"r":0.5}}},"root":{"style":{"--stroke":"var(--edge-electricalAc-stroke,var(--edge-stroke))","--stroke-opacity":1,"--stroke-width":4}}},"canvas":"canvas_0","id":"edge_142","shape":"diagram-edge","source":{"anchor":{"name":"center"},"cell":"ElectricalLoad_1","port":"ACPin"},"target":{"anchor":{"args":{"dx":"25%","dy":"0%","rotate":true},"name":"center"},"cell":"BusNode_6","port":"0"},"vertices":[],"zIndex":28},"edge_152":{"attrs":{"line":{"targetMarker":{"args":{"cx":0,"r":0.5}}},"root":{"style":{"--stroke":"var(--edge-water-stroke,var(--edge-stroke))","--stroke-opacity":1,"--stroke-width":4}}},"canvas":"canvas_0","id":"edge_152","shape":"diagram-edge","source":{"anchor":{"name":"center"},"cell":"CentrifugalPump_3","port":"waterOutlet"},"target":{"anchor":{"name":"center"},"cell":"Pipe_1","port":"Inlet"},"vertices":[{"x":-209,"y":592.5}],"zIndex":29},"edge_156":{"attrs":{"line":{"targetMarker":{"args":{"cx":0,"r":0.5}}},"root":{"style":{"--stroke":"var(--edge-water-stroke,var(--edge-stroke))","--stroke-opacity":1,"--stroke-width":4}}},"canvas":"canvas_0","id":"edge_156","shape":"diagram-edge","source":{"anchor":{"name":"center"},"cell":"Pipe_1","port":"Outlet"},"target":{"anchor":{"name":"center"},"cell":"ThermalLoad_4","port":"WaterInput"},"vertices":[],"zIndex":30},"edge_198":{"attrs":{"line":{"targetMarker":{"args":{"cx":0,"r":0.5}}},"root":{"style":{"--stroke":"var(--edge-electricalAc-stroke,var(--edge-stroke))","--stroke-opacity":1,"--stroke-width":4}}},"canvas":"canvas_0","id":"edge_198","shape":"diagram-edge","source":{"anchor":{"name":"center"},"cell":"AbsorptionChiller_5","port":"AC"},"target":{"anchor":{"args":{"dx":"42%","dy":"0%","rotate":true},"name":"center"},"cell":"BusNode_6","port":"0"},"vertices":[],"zIndex":31},"edge_201":{"attrs":{"line":{"targetMarker":{"args":{"cx":0,"r":0.5}}},"root":{"style":{"--stroke":"var(--edge-electricalAc-stroke,var(--edge-stroke))","--stroke-opacity":1,"--stroke-width":4}}},"canvas":"canvas_0","id":"edge_201","shape":"diagram-edge","source":{"anchor":{"name":"center"},"cell":"GasTurbine_2","port":"AC"},"target":{"anchor":{"args":{"dx":"-47%","dy":"0%","rotate":true},"name":"center"},"cell":"BusNode_6","port":"0"},"vertices":[],"zIndex":32},"edge_202":{"attrs":{"line":{"targetMarker":{"args":{"cx":0,"r":0.5}}},"root":{"style":{"--stroke":"var(--edge-electricalAc-stroke,var(--edge-stroke))","--stroke-opacity":1,"--stroke-width":4}}},"canvas":"canvas_0","id":"edge_202","shape":"diagram-edge","source":{"anchor":{"name":"center"},"cell":"CentrifugalPump_3","port":"AC"},"target":{"anchor":{"args":{"ratio":"100%"},"name":"ratio"},"cell":"edge_201"},"vertices":[],"zIndex":33},"edge_206":{"attrs":{"line":{"targetMarker":{"args":{"cx":0,"r":0.5}}},"root":{"style":{"--stroke":"var(--edge-water-stroke,var(--edge-stroke))","--stroke-opacity":1,"--stroke-width":4}}},"canvas":"canvas_0","id":"edge_206","shape":"diagram-edge","source":{"anchor":{"name":"center"},"cell":"Pipe_2","port":"Outlet"},"target":{"anchor":{"name":"center"},"cell":"ThermalLoad_6","port":"WaterInput"},"vertices":[],"zIndex":34},"edge_209":{"attrs":{"line":{"targetMarker":{"args":{"cx":0,"r":0.5}}},"root":{"style":{"--stroke":"var(--edge-water-stroke,var(--edge-stroke))","--stroke-opacity":1,"--stroke-width":4}}},"canvas":"canvas_0","id":"edge_209","shape":"diagram-edge","source":{"anchor":{"name":"center"},"cell":"CentrifugalPump_6","port":"waterOutlet"},"target":{"anchor":{"name":"center"},"cell":"AbsorptionChiller_5","port":"PrimaryInlet"},"vertices":[],"zIndex":35},"edge_210":{"attrs":{"line":{"targetMarker":{"args":{"cx":0,"r":0.5}}},"root":{"style":{"--stroke":"var(--edge-water-stroke,var(--edge-stroke))","--stroke-opacity":1,"--stroke-width":4}}},"canvas":"canvas_0","id":"edge_210","shape":"diagram-edge","source":{"anchor":{"name":"center"},"cell":"CentrifugalPump_6","port":"waterInlet"},"target":{"anchor":{"name":"center"},"cell":"GasTurbine_2","port":"OutletWater"},"vertices":[],"zIndex":36},"edge_212":{"attrs":{"line":{"targetMarker":{"args":{"cx":0,"r":0.5}}},"root":{"style":{"--stroke":"var(--edge-electricalAc-stroke,var(--edge-stroke))","--stroke-opacity":1,"--stroke-width":4}}},"canvas":"canvas_0","id":"edge_212","shape":"diagram-edge","source":{"anchor":{"name":"center"},"cell":"CentrifugalPump_6","port":"AC"},"target":{"anchor":{"args":{"ratio":"100%"},"name":"ratio"},"cell":"edge_201"},"vertices":[],"zIndex":37},"edge_218":{"attrs":{"line":{"targetMarker":{"args":{"cx":0,"r":0.5}}},"root":{"style":{"--stroke":"var(--edge-water-stroke,var(--edge-stroke))","--stroke-opacity":1,"--stroke-width":4}}},"canvas":"canvas_0","id":"edge_218","shape":"diagram-edge","source":{"anchor":{"name":"center"},"cell":"AbsorptionChiller_5","port":"SecondaryOutlet"},"target":{"anchor":{"name":"center"},"cell":"CentrifugalPump_4","port":"waterInlet"},"vertices":[],"zIndex":38},"edge_219":{"attrs":{"line":{"targetMarker":{"args":{"cx":0,"r":0.5}}},"root":{"style":{"--stroke":"var(--edge-water-stroke,var(--edge-stroke))","--stroke-opacity":1,"--stroke-width":4}}},"canvas":"canvas_0","id":"edge_219","shape":"diagram-edge","source":{"anchor":{"name":"center"},"cell":"CentrifugalPump_4","port":"waterOutlet"},"target":{"anchor":{"name":"center"},"cell":"Pipe_3","port":"Inlet"},"vertices":[],"zIndex":39},"edge_220":{"attrs":{"line":{"targetMarker":{"args":{"cx":0,"r":0.5}}},"root":{"style":{"--stroke":"var(--edge-electricalAc-stroke,var(--edge-stroke))","--stroke-opacity":1,"--stroke-width":4}}},"canvas":"canvas_0","id":"edge_220","shape":"diagram-edge","source":{"anchor":{"name":"center"},"cell":"CentrifugalPump_4","port":"AC"},"target":{"anchor":{"args":{"ratio":"100%"},"name":"ratio"},"cell":"edge_198"},"vertices":[],"zIndex":40},"edge_221":{"attrs":{"line":{"targetMarker":{"args":{"cx":0,"r":0.5}}},"root":{"style":{"--stroke":"var(--edge-water-stroke,var(--edge-stroke))","--stroke-opacity":1,"--stroke-width":4}}},"canvas":"canvas_0","id":"edge_221","shape":"diagram-edge","source":{"anchor":{"name":"center"},"cell":"Pipe_3","port":"Outlet"},"target":{"anchor":{"name":"center"},"cell":"ThermalLoad_7","port":"WaterInput"},"vertices":[],"zIndex":41},"edge_225":{"attrs":{"line":{"targetMarker":{"args":{"cx":0,"r":0.5}}},"root":{"style":{"--stroke":"var(--edge-water-stroke,var(--edge-stroke))","--stroke-opacity":1,"--stroke-width":4}}},"canvas":"canvas_0","id":"edge_225","shape":"diagram-edge","source":{"anchor":{"name":"center"},"cell":"Pipe_5","port":"Inlet"},"target":{"anchor":{"name":"center"},"cell":"Pipe_3","port":"Outlet"},"vertices":[],"zIndex":42},"edge_226":{"attrs":{"line":{"targetMarker":{"args":{"cx":0,"r":0.5}}},"root":{"style":{"--stroke":"var(--edge-water-stroke,var(--edge-stroke))","--stroke-opacity":1,"--stroke-width":4}}},"canvas":"canvas_0","id":"edge_226","shape":"diagram-edge","source":{"anchor":{"name":"center"},"cell":"Pipe_5","port":"Outlet"},"target":{"anchor":{"name":"center"},"cell":"ThermalLoad_8","port":"WaterInput"},"vertices":[],"zIndex":43},"edge_229":{"attrs":{"line":{"targetMarker":{"args":{"cx":0,"r":0.5}}},"root":{"style":{"--stroke":"var(--edge-water-stroke,var(--edge-stroke))","--stroke-opacity":1,"--stroke-width":4}}},"canvas":"canvas_0","id":"edge_229","shape":"diagram-edge","source":{"anchor":{"name":"center"},"cell":"AbsorptionChiller_5","port":"SecondaryInlet"},"target":{"anchor":{"name":"center"},"cell":"ThermalLoad_8","port":"WaterOutput"},"vertices":[{"x":395,"y":410},{"x":395,"y":320},{"x":630,"y":320},{"x":840,"y":750}],"zIndex":44},"edge_230":{"attrs":{"root":{"style":{"--stroke":"var(--edge-water-stroke,var(--edge-stroke))","--stroke-opacity":1,"--stroke-width":4}}},"canvas":"canvas_0","id":"edge_230","shape":"diagram-edge","source":{"anchor":{"name":"center"},"cell":"ThermalLoad_7","port":"WaterOutput"},"target":{"anchor":{"args":{"ratio":0.8251121076233184},"name":"ratio"},"cell":"edge_229"},"vertices":[],"zIndex":45},"edge_231":{"attrs":{"line":{"targetMarker":{"args":{"cx":0,"r":0.5}}},"root":{"style":{"--stroke":"var(--edge-water-stroke,var(--edge-stroke))","--stroke-opacity":1,"--stroke-width":4}}},"canvas":"canvas_0","id":"edge_231","shape":"diagram-edge","source":{"anchor":{"name":"center"},"cell":"ThermalLoad_5","port":"WaterOutput"},"target":{"anchor":{"name":"center"},"cell":"CompRefrg_3","port":"Inlet"},"vertices":[{"x":885,"y":525}],"zIndex":46},"edge_236":{"attrs":{"line":{"targetMarker":{"args":{"cx":0,"r":0.5}}},"root":{"style":{"--stroke":"var(--edge-water-stroke,var(--edge-stroke))","--stroke-opacity":1,"--stroke-width":4}}},"canvas":"canvas_0","id":"edge_236","shape":"diagram-edge","source":{"anchor":{"name":"center"},"cell":"Pipe_6","port":"Inlet"},"target":{"anchor":{"name":"center"},"cell":"CentrifugalPump_8","port":"waterOutlet"},"vertices":[],"zIndex":47},"edge_237":{"attrs":{"line":{"targetMarker":{"args":{"cx":0,"r":0.5}}},"root":{"style":{"--stroke":"var(--edge-water-stroke,var(--edge-stroke))","--stroke-opacity":1,"--stroke-width":4}}},"canvas":"canvas_0","id":"edge_237","shape":"diagram-edge","source":{"anchor":{"name":"center"},"cell":"CentrifugalPump_8","port":"waterInlet"},"target":{"anchor":{"name":"center"},"cell":"CompRefrg_3","port":"Outlet"},"vertices":[],"zIndex":48},"edge_238":{"attrs":{"line":{"targetMarker":{"args":{"cx":0,"r":0.5}}},"root":{"style":{"--stroke":"var(--edge-electricalAc-stroke,var(--edge-stroke))","--stroke-opacity":1,"--stroke-width":4}}},"canvas":"canvas_0","id":"edge_238","shape":"diagram-edge","source":{"anchor":{"name":"center"},"cell":"CentrifugalPump_8","port":"AC"},"target":{"anchor":{"args":{"ratio":"100%"},"name":"ratio"},"cell":"edge_198"},"vertices":[],"zIndex":49},"edge_239":{"attrs":{"line":{"targetMarker":{"args":{"cx":0,"r":0.5}}},"root":{"style":{"--stroke":"var(--edge-electricalAc-stroke,var(--edge-stroke))","--stroke-opacity":1,"--stroke-width":4}}},"canvas":"canvas_0","id":"edge_239","shape":"diagram-edge","source":{"anchor":{"name":"center"},"cell":"ElectricalLoad_5","port":"ACPin"},"target":{"anchor":{"name":"center"},"cell":"TransferLine_2","port":"AC_Outlet"},"vertices":[{"x":380,"y":-200}],"zIndex":50},"edge_243":{"attrs":{"line":{"targetMarker":{"args":{"cx":0,"r":0.5}}},"root":{"style":{"--stroke":"var(--edge-electricalAc-stroke,var(--edge-stroke))","--stroke-opacity":1,"--stroke-width":4}}},"canvas":"canvas_0","id":"edge_243","shape":"diagram-edge","source":{"anchor":{"name":"center"},"cell":"Transformer_1","port":"AC1"},"target":{"anchor":{"args":{"dx":"-5%","dy":"0%","rotate":true},"name":"center"},"cell":"BusNode_8","port":"0"},"vertices":[],"zIndex":51},"edge_244":{"attrs":{"line":{"targetMarker":{"args":{"cx":0,"r":0.5}}},"root":{"style":{"--stroke":"var(--edge-electricalAc-stroke,var(--edge-stroke))","--stroke-opacity":1,"--stroke-width":4}}},"canvas":"canvas_0","id":"edge_244","shape":"diagram-edge","source":{"anchor":{"name":"center"},"cell":"Transformer_1","port":"AC2"},"target":{"anchor":{"args":{"dx":"1%","dy":"0%","rotate":true},"name":"center"},"cell":"BusNode_6","port":"0"},"vertices":[],"zIndex":52},"edge_245":{"attrs":{"line":{"targetMarker":{"args":{"cx":0,"r":0.5}}},"root":{"style":{"--stroke":"var(--edge-electricalAc-stroke,var(--edge-stroke))","--stroke-opacity":1,"--stroke-width":4}}},"canvas":"canvas_0","id":"edge_245","shape":"diagram-edge","source":{"anchor":{"name":"center"},"cell":"TransferLine_2","port":"AC_Inlet"},"target":{"anchor":{"args":{"dx":"41%","dy":"0%","rotate":true},"name":"center"},"cell":"BusNode_8","port":"0"},"vertices":[],"zIndex":53},"edge_246":{"attrs":{"line":{"targetMarker":{"args":{"cx":0,"r":0.5}}},"root":{"style":{"--stroke":"var(--edge-electricalAc-stroke,var(--edge-stroke))","--stroke-opacity":1,"--stroke-width":4}}},"canvas":"canvas_0","id":"edge_246","shape":"diagram-edge","source":{"anchor":{"name":"center"},"cell":"ExternalPowerSource_4","port":"AC"},"target":{"anchor":{"args":{"dx":"22%","dy":"0%","rotate":true},"name":"center"},"cell":"BusNode_8","port":"0"},"vertices":[],"zIndex":54},"edge_2RZLszvdzDPS":{"attrs":{"line":{"targetMarker":{"args":{"cx":0,"r":0.5}}},"root":{"style":{"--stroke":"var(--edge-water-stroke,var(--edge-stroke))","--stroke-opacity":1,"--stroke-width":4}}},"canvas":"canvas_0","id":"edge_2RZLszvdzDPS","shape":"diagram-edge","source":{"anchor":{"name":"center"},"cell":"ThermalLoad_5","port":"WaterInput"},"target":{"anchor":{"name":"center"},"cell":"Pipe_6","port":"Outlet"},"vertices":[],"zIndex":59},"edge_CoVjQVAP9Dx3":{"attrs":{"root":{"style":{"--stroke":"var(--edge-electricalAc-stroke,var(--edge-stroke))","--stroke-opacity":1,"--stroke-width":4}}},"canvas":"canvas_0","id":"edge_CoVjQVAP9Dx3","shape":"diagram-edge","source":{"anchor":{"name":"center"},"cell":"CompRefrg_3","port":"AC"},"target":{"anchor":{"args":{"ratio":0.027263804573048816},"name":"ratio"},"cell":"edge_198"},"vertices":[],"zIndex":57},"edge_DQdzEJIxOdc2":{"attrs":{"root":{"style":{"--stroke":"var(--edge-water-stroke,var(--edge-stroke))","--stroke-opacity":1,"--stroke-width":4}}},"canvas":"canvas_0","id":"edge_DQdzEJIxOdc2","shape":"diagram-edge","source":{"anchor":{"name":"center"},"cell":"ThermalLoad_6","port":"WaterOutput"},"target":{"anchor":{"args":{"ratio":0.1364298781433134},"name":"ratio"},"cell":"edge_o7waByclKa6U"},"vertices":[],"zIndex":63},"edge_bj27JqpDUXUF":{"attrs":{"root":{"style":{"--stroke":"var(--edge-water-stroke,var(--edge-stroke))","--stroke-opacity":1,"--stroke-width":4}}},"canvas":"canvas_0","id":"edge_bj27JqpDUXUF","shape":"diagram-edge","source":{"anchor":{"name":"center"},"cell":"AbsorptionChiller_5","port":"PrimaryOutlet"},"target":{"anchor":{"args":{"ratio":0.040308827633251686},"name":"ratio"},"cell":"edge_o7waByclKa6U"},"vertices":[],"zIndex":62},"edge_gKkSKhm3VyET":{"attrs":{"root":{"style":{"--stroke":"var(--edge-electricalAc-stroke,var(--edge-stroke))","--stroke-opacity":1,"--stroke-width":4}}},"canvas":"canvas_0","id":"edge_gKkSKhm3VyET","shape":"diagram-edge","source":{"anchor":{"name":"center"},"cell":"ElectricalLoad_4","port":"ACPin"},"target":{"anchor":{"args":{"ratio":0.5341117549427831},"name":"ratio"},"cell":"edge_239"},"vertices":[],"zIndex":55},"edge_jkUIEZtdhPPW":{"attrs":{"root":{"style":{"--stroke":"var(--edge-water-stroke,var(--edge-stroke))","--stroke-opacity":1,"--stroke-width":4}}},"canvas":"canvas_0","id":"edge_jkUIEZtdhPPW","shape":"diagram-edge","source":{"anchor":{"name":"center"},"cell":"CentrifugalPump_3","port":"waterInlet"},"target":{"anchor":{"args":{"ratio":0.5229123617357481},"name":"ratio"},"cell":"edge_210"},"vertices":[{"x":-220,"y":480},{"x":-75.75,"y":480}],"zIndex":58},"edge_o7waByclKa6U":{"attrs":{"line":{"targetMarker":{"args":{"cx":0,"offset":0.5,"r":0.5}}},"root":{"style":{"--stroke":"var(--edge-water-stroke,var(--edge-stroke))","--stroke-opacity":1,"--stroke-width":4}}},"canvas":"canvas_0","id":"edge_o7waByclKa6U","shape":"diagram-edge","source":{"anchor":{"name":"center"},"cell":"ThermalLoad_4","port":"WaterOutput"},"target":{"anchor":{"name":"center"},"cell":"GasTurbine_2","port":"InletWater"},"vertices":[{"x":150,"y":595},{"x":-375,"y":845},{"x":-375,"y":290}],"zIndex":61},"edge_wHILmrdLc5su":{"attrs":{"line":{"targetMarker":{"args":{"cx":0,"offset":0.5,"r":0.5}}},"root":{"style":{"--stroke":"var(--edge-water-stroke,var(--edge-stroke))","--stroke-opacity":1,"--stroke-width":4}}},"canvas":"canvas_0","id":"edge_wHILmrdLc5su","shape":"diagram-edge","source":{"anchor":{"name":"center"},"cell":"Pipe_2","port":"Inlet"},"target":{"anchor":{"name":"center"},"cell":"CentrifugalPump_3","port":"waterOutlet"},"vertices":[],"zIndex":56},"edge_yYcAFNCFqorQ":{"attrs":{"root":{"style":{"--stroke":"var(--edge-water-stroke,var(--edge-stroke))","--stroke-opacity":1,"--stroke-width":4}}},"canvas":"canvas_0","id":"edge_yYcAFNCFqorQ","shape":"diagram-edge","source":{"anchor":{"name":"center"},"cell":"Pipe_6","port":"Outlet"},"target":{"anchor":{"args":{"ratio":0.7555543484165355},"name":"ratio"},"cell":"edge_221"},"vertices":[],"zIndex":60}},"type":"diagram","variables":[]}},"parameters":[],"pins":[]}}