[{"id":25672547,"user":"admin","name":"水电上网","data":{"补贴":"0.10","上浮上限":10,"下浮上限":10,"下调下限":15,"基准电价":"0.30","电价名称":"水电上网"},"isDelete":0,"isTypicalCase":0,"uuid":"acbea641-c272-462f-aeb9-bdd12ea3b183","timeid":"2003d665-f5ae-42f6-bc05-e7fe037c64d4","createdAt":"2024-10-18T02:45:19.122Z","updatedAt":"2024-10-18T06:34:11.000Z"},{"id":25672548,"user":"admin","name":"脱硫煤标杆电价","data":{"补贴":"0.10","上浮上限":10,"下浮上限":15,"下调下限":15,"基准电价":"0.30","电价名称":"脱硫煤标杆电价"},"isDelete":0,"isTypicalCase":0,"uuid":"add1e0ae-8df4-4320-8a5c-ace04d27fd95","timeid":"0fd67e89-9540-4297-9f5f-19c8d00465d0","createdAt":"2024-10-18T02:45:19.126Z","updatedAt":"2024-10-18T06:34:12.000Z"}]