[{"id":24803244,"user":"admin","name":"BLX-4.16","data":{"型号":"BLX-4.16","电抗":"0.45","电纳":"2","电阻":"0.56","系列":"BLX","是否电缆":"否","电压等级":"4.16","导线截面积":"370","平均停运率":"1.20","持续极限容量":"1","经济输送容量":"0.39","最大热稳定电流":"130","每公里新建价格":"170","平均停运持续时间":"4"},"isDelete":0,"isTypicalCase":0,"uuid":"fdd443ad-0e71-4ca1-94f1-da3b76d76104","timeid":"15f0fc7a-4312-4a10-8c5d-ed4475204135","createdAt":"2024-01-17T22:47:03.542Z","updatedAt":"2024-01-17T22:47:03.542Z"},{"id":24803245,"user":"admin","name":"BLX-0.48","data":{"型号":"BLX-0.48","电抗":"0.45","电纳":"2","电阻":"0.56","系列":"BLX","是否电缆":"否","电压等级":"0.48","导线截面积":"370","平均停运率":"1.20","持续极限容量":"0.5","经济输送容量":"0.39","最大热稳定电流":"130","每公里新建价格":"170","平均停运持续时间":"4"},"isDelete":0,"isTypicalCase":0,"uuid":"63418ca3-f105-408d-90a5-7ced97dcba1d","timeid":"a6f57b8e-8d75-4102-be7f-1e9f091b04f0","createdAt":"2024-01-17T22:47:04.146Z","updatedAt":"2024-01-17T22:47:04.146Z"}]