[{"id":24803370,"user":"admin","name":"抽水蓄能","data":{"SOC上限":"95","SOC下限":"15","储能容量":"5000","充电效率":"82","放电效率":"82","新建造价":"80","设备名称":"抽水蓄能","平均停运率":"1.20","可变运行成本":"0.25","最大充电功率":"500","最大放电功率":"500","平均停运持续时间":"4","单日最大循环充放电次数":"3"},"isDelete":0,"isTypicalCase":0,"uuid":"02d23984-598a-4abf-a674-bd4dee3194b0","timeid":"e233a2b5-27fb-4f37-88b4-195f9081053f","createdAt":"2024-07-03T18:59:58.532Z","updatedAt":"2024-07-03T18:59:58.532Z"},{"id":24803371,"user":"admin","name":"电化学储能","data":{"SOC上限":"95","SOC下限":"15","储能容量":"2000","充电效率":"85","放电效率":"85","新建造价":"60","设备名称":"电化学储能","平均停运率":"1.20","可变运行成本":"0.17","最大充电功率":"400","最大放电功率":"400","平均停运持续时间":"4","单日最大循环充放电次数":"3"},"isDelete":0,"isTypicalCase":0,"uuid":"ca5319af-dc85-49e9-ad4a-db32aeb197d8","timeid":"0a2cb814-17e2-4439-a039-af67906e05df","createdAt":"2024-07-03T18:59:58.907Z","updatedAt":"2024-07-03T18:59:58.907Z"},{"id":24803372,"user":"admin","name":"光热储能","data":{"SOC上限":"95","SOC下限":"15","储能容量":"1000","充电效率":"80","放电效率":"80","新建造价":"40","设备名称":"光热储能","平均停运率":"1.20","可变运行成本":"0.08","最大充电功率":"300","最大放电功率":"300","平均停运持续时间":"4","单日最大循环充放电次数":"3"},"isDelete":0,"isTypicalCase":0,"uuid":"1e3a7980-6e17-4afb-9187-2c99a9689b88","timeid":"f4f4fd23-4373-4eba-a70c-3a630bc5a4e2","createdAt":"2024-07-03T18:59:59.412Z","updatedAt":"2024-07-03T18:59:59.412Z"}]