[{"id":24803246,"user":"admin","name":"ABB-200/10-416","data":{"型号":"ABB-200/10-416","分接头":"1","变比上限":"1","变比下限":"1","电压等级":"4.16","空载损耗":"128.50","空载电流":"0.56","额定容量":"630","平均停运率":"1.20","扩建造价(万元)":"7","新建造价(万元)":"7","负载损耗(满载)":"465.70","额定电流(中压)":"573.00","额定电流(低压)":"3299.00","平均停运持续时间":"4","短路阻抗(中压-低压)":"2.10","短路阻抗(高压-中压)":"2.20","短路阻抗(高压-低压)":"2"},"isDelete":0,"isTypicalCase":0,"uuid":"fe76c73b-7086-4965-958e-0662ea4433cc","timeid":"e4057252-0598-4b8d-bd7c-7ffc30c68375","createdAt":"2024-01-17T22:47:07.404Z","updatedAt":"2024-01-17T22:47:07.404Z"},{"id":24803247,"user":"admin","name":"ABB-200/10-48","data":{"型号":"ABB-200/10-48","分接头":"1","变比上限":"1","变比下限":"1","电压等级":"0.48","空载损耗":"128.50","空载电流":"0.56","额定容量":"500","平均停运率":"1.20","扩建造价(万元)":"7","新建造价(万元)":"7","负载损耗(满载)":"465.70","额定电流(中压)":"573.00","额定电流(低压)":"3299.00","平均停运持续时间":"4","短路阻抗(中压-低压)":"2.90","短路阻抗(高压-中压)":"3.10","短路阻抗(高压-低压)":"3"},"isDelete":0,"isTypicalCase":0,"uuid":"499fceb7-ac23-4b4b-8325-dd767abbe0c9","timeid":"f147d1de-87b0-4551-a670-44660287a701","createdAt":"2024-01-17T22:47:07.919Z","updatedAt":"2024-01-17T22:47:07.919Z"}]