[{"id":24803333,"user":"admin","name":"开关","data":{"开关名称":"开关","所属线路":"10kV XX线","所属线路ID":"0000000000","平均停运率":"1.2","所属变电站":"35kV XX变电站","所属变电站ID":"0000000000","平均停运持续时间":"4"},"isDelete":0,"isTypicalCase":0,"uuid":"716c713b-f583-4f35-a51e-30a5789f7b92","timeid":"afdda570-d063-49b0-bd3e-48bb63cd642d","createdAt":"2024-07-03T18:13:47.200Z","updatedAt":"2024-07-03T18:13:47.200Z","type":{"id":24,"name":"开关","createdAt":"2023-12-21T22:52:03.831Z","updatedAt":"2023-12-21T22:52:03.831Z"},"extra":{"id":4560012,"data":[["2021-01-01 00:00","断开"]],"createdAt":"2024-07-03T18:13:47.202Z","updatedAt":"2024-07-03T18:13:47.202Z"}}]