[{"id":24803334,"user":"admin","name":"Cap_10","data":{"扩建造价":"20","新建造价":"20","电压等级":"4.16","设备名称":"Cap_10","平均停运率":"1.20","最大输出功率":"900","平均停运持续时间":"4"},"isDelete":0,"isTypicalCase":0,"uuid":"0dddd81f-96fa-4ced-ab0e-d2e529bc2ba5","timeid":"30456263-9cb8-4036-819e-a30ecadff9fc","createdAt":"2024-01-18T01:20:44.995Z","updatedAt":"2024-01-18T01:20:44.995Z"},{"id":24803335,"user":"admin","name":"Cap_0.38","data":{"扩建造价":"20","新建造价":"20","电压等级":"4.16","设备名称":"Cap_0.38","平均停运率":"1.20","最大输出功率":"600","平均停运持续时间":"4"},"isDelete":0,"isTypicalCase":0,"uuid":"da8c1153-6c9c-46bd-972e-d5193db3f83d","timeid":"35e231f9-6b38-407e-a884-a98f3ef4a23f","createdAt":"2024-01-18T01:20:44.995Z","updatedAt":"2024-01-18T01:20:44.995Z"},{"id":24803336,"user":"admin","name":"Cap-210-3","data":{"扩建造价":"20","新建造价":"20","电压等级":"4.16","设备名称":"Cap-210-3","平均停运率":"1.20","最大输出功率":"500","平均停运持续时间":"4"},"isDelete":0,"isTypicalCase":0,"uuid":"00a1303f-a007-4559-9d22-5cad2e7c76dd","timeid":"67cbd5e4-4d2f-4988-9c05-91e0784da81a","createdAt":"2024-01-18T01:20:44.995Z","updatedAt":"2024-01-18T01:20:44.995Z"},{"id":24803337,"user":"admin","name":"Cap-210-4","data":{"扩建造价":"20","新建造价":"20","电压等级":"4.16","设备名称":"Cap-210-4","平均停运率":"1.20","最大输出功率":"500","平均停运持续时间":"4"},"isDelete":0,"isTypicalCase":0,"uuid":"9300f6fe-2d27-4823-a4fc-032d54d2b667","timeid":"f8ba7da1-188b-4fe7-8e72-545d62b5be39","createdAt":"2024-01-18T01:20:44.995Z","updatedAt":"2024-01-18T01:20:44.995Z"},{"id":24803338,"user":"admin","name":"Cap-210-5","data":{"扩建造价":"20","新建造价":"20","电压等级":"4.16","设备名称":"Cap-210-5","平均停运率":"1.20","最大输出功率":"500","平均停运持续时间":"4"},"isDelete":0,"isTypicalCase":0,"uuid":"b3af6e10-d8c8-4e08-9dc2-03019cefaf24","timeid":"148148b0-3b5a-40d9-9cf7-00a76a285919","createdAt":"2024-01-18T01:20:44.995Z","updatedAt":"2024-01-18T01:20:44.995Z"}]