[{"id":25672569,"user":"admin","name":"10kV输配电价","data":{"电价名称":"10kV输配电价","电压等级":"<1kV","输配电价":0.21,"变压器容量":"<=400","所属电压等级":"10kV"},"isDelete":0,"isTypicalCase":0,"uuid":"3ac6f6b5-10b5-4484-9ae7-72ba9e526e7c","timeid":"64ed8358-facf-4107-a6e7-447921aba13e","createdAt":"2024-10-18T06:31:33.564Z","updatedAt":"2024-10-18T06:32:09.000Z"},{"id":25672570,"user":"admin","name":"35kV输配电价","data":{"电价名称":"35kV输配电价","电压等级":"<1kV","输配电价":"0.21","变压器容量":"<=400","所属电压等级":"35kV"},"isDelete":0,"isTypicalCase":0,"uuid":"dbd956ab-c960-458e-bd85-ff022735355c","timeid":"5509af78-bfc3-4a62-ae64-eedd5a722df2","createdAt":"2024-10-18T06:31:57.367Z","updatedAt":"2024-10-18T06:32:02.000Z"},{"id":25672571,"user":"admin","name":"220kV输配电价","data":{"电价名称":"220kV输配电价","电压等级":"<1kV","输配电价":"0.21","变压器容量":"<=400","所属电压等级":"220kV"},"isDelete":0,"isTypicalCase":0,"uuid":"1f26443d-24cf-4ef4-bf25-226132dd115f","timeid":"579acd8d-50ec-4019-b043-d788d4c41c9a","createdAt":"2024-10-18T06:31:57.370Z","updatedAt":"2024-10-18T06:32:06.000Z"}]