{"rid":"model/admin/b908e843-d022-5cf5-bbab-1b3a1fd0381d","name":"分布式电源-储能案例","jobs":[{"args":{"clustering_algorithm":"0","num_component":1,"num_method":"1","simulationId":{"source":"is(service,\"Function\")?service(\"iesSimulation\").simulationId():\"\"","ɵexp":"s"},"task_cmd":"typical"},"name":"综合能源系统规划典型日生成 1","rid":"job-definition/ies/ies-gmm"}],"configs":[{"args":{},"name":"默认参数方案","pins":{}}],"context":{"auth":"public","category":"normal","counter":{"component_battery_":1,"component_bus_node_":13,"component_electric_load_":10,"component_external_power_source_":1,"component_full_bridge_converter_":1,"component_heat_pump_":1,"component_mmc_":3,"component_photovoltaic_":3,"component_transfer_line_":4,"component_transformer_":3,"component_wind_turbine_":3,"交流变压器":1,"传输线":1,"光伏发电系统":1,"外部电源":1,"模块化多电平变流器":1,"母线元件":2,"热泵":1,"电负荷":3,"直流变压器":1,"蓄电池":1,"风力发电机":1},"currentConfig":0,"currentJob":0,"currentJobFilter":"job-definition/ies/ies-gmm","diagram":{"currentCanvas":0,"openedCanvas":[{"key":"canvas_0","pos":{"x":963.5293884277344,"y":642.1323471069336,"zoom":0.85}}]},"graphic":{},"groupSubscriptions":[{"key":"project-support:job-definition/cloudpss/emtp","name":"EMTP 元件","type":"official","visible":false},{"key":"project-support:job-definition/cloudpss/sfemt","name":"SFEMT 元件","type":"official","visible":false},{"key":"project-support:job-definition/cloudpss/power-flow","name":"潮流元件","type":"official","visible":false},{"key":"project-support:job-definition/cloudpss/ies-simulation","name":"综合能源系统元件","type":"official","visible":false},{"key":"project-support:job-definition/ies/ies-plan","name":"综合能源系统规划平台元件","type":"official","visible":true},{"key":"IES储能设备","name":"IES储能设备","type":"self","visible":true},{"key":"IES制冷制热设备","name":"IES制冷制热设备","type":"self","visible":true},{"key":"IES热力传输设备","name":"IES热力传输设备","type":"self","visible":true},{"key":"IES电力传输设备","name":"IES电力传输设备","type":"self","visible":true},{"key":"IES电源设备","name":"IES电源设备","type":"self","visible":true},{"key":"IES负荷","name":"IES负荷","type":"self","visible":true}],"publicRead":true},"tags":["project-category:normal","ies:iesPlan"],"keywords":[],"description":"","permissions":{"member":65551,"moderator":98335,"everyone":65539},"revision":{"hash":"hW52T1eQVyB7J_KMlt9akuP5nr0WlkLkBVNgEzuEaz-jGW8tTQBY38mbUfmpF17a","author":"admin","message":"Saved by sim-studio(browser) 3.4.3","version":3,"documentation":"","graphic":{"attrs":{"body":{"refHeight":1,"refWidth":1,"refX":0,"refY":0},"pin-line":{"stroke":"var(--stroke)","strokeWidth":"var(--stroke-width)"}},"generator":"default","height":50,"markup":[{"selector":"body","tagName":"rect"}],"pins":{},"preserveAspectRatio":true,"width":50},"implements":{"diagram":{"canvas":[{"key":"canvas_0","name":"图纸 1","view":{"background":{},"grid":{"type":"doubleMesh"}}}],"cells":{"component_battery_1":{"args":{"CompName":"","CompType":"1","DeviceNumber":"1","DeviceSelection":"0","InitialPowerStorage":"50","MaxPowerStorageDiff":"5","MaxStorageCapacity":200000,"MiniStorageCapacity":100000,"OptimizationChoice":"1","Power":[["2021-01-01 00:00:00","200"],["2021-01-01 01:00:00","200"],["2021-01-01 02:00:00","200"],["2021-01-01 03:00:00","200"],["2021-01-01 04:00:00","200"],["2021-01-01 05:00:00","200"],["2021-01-01 06:00:00","200"],["2021-01-01 07:00:00","200"],["2021-01-01 08:00:00","0"],["2021-01-01 09:00:00","0"],["2021-01-01 10:00:00","0"],["2021-01-01 11:00:00","0"],["2021-01-01 12:00:00","-200"],["2021-01-01 13:00:00","-200"],["2021-01-01 14:00:00","-200"],["2021-01-01 15:00:00","-200"],["2021-01-01 16:00:00","-200"],["2021-01-01 17:00:00","-200"],["2021-01-01 18:00:00","-200"],["2021-01-01 19:00:00","-200"],["2021-01-01 20:00:00","0"],["2021-01-01 21:00:00","0"],["2021-01-01 22:00:00","0"],["2021-01-01 23:00:00","0"]]},"canvas":"canvas_0","context":{},"definition":"model/IESLabPlan/Battery","flip":false,"id":"component_battery_1","label":"蓄电池1","pins":{"AC":"","DC":""},"position":{"x":1325,"y":845},"props":{"enabled":true},"shape":"diagram-component","size":{"height":140,"width":140},"style":{"--fill":"var(--spectrum-global-color-gray-100)","--fill-opacity":1,"--font-family":"var(--spectrum-global-font-family-base, Arial, Helvetica, sans-serif)","--stroke":"var(--spectrum-global-color-gray-900)","--stroke-opacity":1,"--stroke-width":2,"--text":"var(--spectrum-global-color-gray-900)","--text-opacity":1},"zIndex":38},"component_bus_node_1":{"args":{"Angle":"0","CompType":"0","Name":"","V":"1","VBase":"110"},"canvas":"canvas_0","context":{},"definition":"model/IESLabPlan/BusNode","flip":false,"id":"component_bus_node_1","label":"母线元件1","pins":{"0":"","1":""},"position":{"x":295,"y":290},"props":{"enabled":true},"shape":"diagram-component","size":{"height":40,"width":100},"style":{"--fill":"var(--spectrum-global-color-gray-100)","--fill-opacity":1,"--font-family":"var(--spectrum-global-font-family-base, Arial, Helvetica, sans-serif)","--stroke":"var(--spectrum-global-color-gray-900)","--stroke-opacity":1,"--stroke-width":2,"--text":"var(--spectrum-global-color-gray-900)","--text-opacity":1},"zIndex":3},"component_bus_node_11":{"args":{"Angle":"0","CompType":"1","Name":"","V":"1","VBase":10},"canvas":"canvas_0","context":{},"definition":"model/IESLabPlan/BusNode","flip":false,"id":"component_bus_node_11","label":"母线元件1","pins":{"0":"","1":""},"position":{"x":610,"y":665},"props":{"enabled":true},"shape":"diagram-component","size":{"height":40,"width":100},"style":{"--fill":"var(--spectrum-global-color-gray-100)","--fill-opacity":1,"--font-family":"var(--spectrum-global-font-family-base, Arial, Helvetica, sans-serif)","--stroke":"var(--spectrum-global-color-gray-900)","--stroke-opacity":1,"--stroke-width":2,"--text":"var(--spectrum-global-color-gray-900)","--text-opacity":1},"zIndex":68},"component_bus_node_12":{"args":{"Angle":"0","CompType":"1","Name":"","V":"1","VBase":10},"canvas":"canvas_0","context":{},"definition":"model/IESLabPlan/BusNode","flip":false,"id":"component_bus_node_12","label":"母线元件1","pins":{"0":"","1":""},"position":{"x":1460,"y":610},"props":{"enabled":true},"shape":"diagram-component","size":{"height":40,"width":100},"style":{"--fill":"var(--spectrum-global-color-gray-100)","--fill-opacity":1,"--font-family":"var(--spectrum-global-font-family-base, Arial, Helvetica, sans-serif)","--stroke":"var(--spectrum-global-color-gray-900)","--stroke-opacity":1,"--stroke-width":2,"--text":"var(--spectrum-global-color-gray-900)","--text-opacity":1},"zIndex":73},"component_bus_node_13":{"args":{"Angle":"0","CompType":"1","Name":"","V":"1","VBase":10},"canvas":"canvas_0","context":{},"definition":"model/IESLabPlan/BusNode","flip":false,"id":"component_bus_node_13","label":"母线元件1","pins":{"0":"","1":""},"position":{"x":1045,"y":-355},"props":{"enabled":true},"shape":"diagram-component","size":{"height":40,"width":100},"style":{"--fill":"var(--spectrum-global-color-gray-100)","--fill-opacity":1,"--font-family":"var(--spectrum-global-font-family-base, Arial, Helvetica, sans-serif)","--stroke":"var(--spectrum-global-color-gray-900)","--stroke-opacity":1,"--stroke-width":2,"--text":"var(--spectrum-global-color-gray-900)","--text-opacity":1},"zIndex":76},"component_bus_node_2":{"args":{"Angle":"0","CompType":"0","Name":"","V":"1","VBase":10},"canvas":"canvas_0","context":{},"definition":"model/IESLabPlan/BusNode","flip":false,"id":"component_bus_node_2","label":"母线元件1","pins":{"0":"","1":""},"position":{"x":300,"y":615},"props":{"enabled":true},"shape":"diagram-component","size":{"height":40,"width":100},"style":{"--fill":"var(--spectrum-global-color-gray-100)","--fill-opacity":1,"--font-family":"var(--spectrum-global-font-family-base, Arial, Helvetica, sans-serif)","--stroke":"var(--spectrum-global-color-gray-900)","--stroke-opacity":1,"--stroke-width":2,"--text":"var(--spectrum-global-color-gray-900)","--text-opacity":1},"zIndex":8},"component_bus_node_5":{"args":{"Angle":"0","CompType":"0","Name":"","V":"1","VBase":10},"canvas":"canvas_0","context":{},"definition":"model/IESLabPlan/BusNode","flip":false,"id":"component_bus_node_5","label":"母线元件1","pins":{"0":"","1":""},"position":{"x":1160,"y":575},"props":{"enabled":true},"shape":"diagram-component","size":{"height":40,"width":100},"style":{"--fill":"var(--spectrum-global-color-gray-100)","--fill-opacity":1,"--font-family":"var(--spectrum-global-font-family-base, Arial, Helvetica, sans-serif)","--stroke":"var(--spectrum-global-color-gray-900)","--stroke-opacity":1,"--stroke-width":2,"--text":"var(--spectrum-global-color-gray-900)","--text-opacity":1},"zIndex":25},"component_bus_node_8":{"args":{"Angle":"0","CompType":"0","Name":"","V":"1","VBase":10},"canvas":"canvas_0","context":{},"definition":"model/IESLabPlan/BusNode","flip":false,"id":"component_bus_node_8","label":"母线元件1","pins":{"0":"","1":""},"position":{"x":475,"y":-280},"props":{"enabled":true},"shape":"diagram-component","size":{"height":40,"width":100},"style":{"--fill":"var(--spectrum-global-color-gray-100)","--fill-opacity":1,"--font-family":"var(--spectrum-global-font-family-base, Arial, Helvetica, sans-serif)","--stroke":"var(--spectrum-global-color-gray-900)","--stroke-opacity":1,"--stroke-width":2,"--text":"var(--spectrum-global-color-gray-900)","--text-opacity":1},"zIndex":48},"component_electric_load_1":{"args":{"CompName":"商业","CompType":"0","DemandChargePriceModel":"0","ElectricalLoad":"1660286184466825","PowerPriceModel":"1660286519807175"},"canvas":"canvas_0","context":{},"definition":"model/IESLabPlan/ElectricLoad","flip":false,"id":"component_electric_load_1","label":"电负荷1","pins":{"ACPin":"","DCPin":""},"position":{"x":145,"y":700},"props":{"enabled":true},"shape":"diagram-component","size":{"height":160,"width":120},"style":{"--fill":"var(--spectrum-global-color-gray-100)","--fill-opacity":1,"--font-family":"var(--spectrum-global-font-family-base, Arial, Helvetica, sans-serif)","--stroke":"var(--spectrum-global-color-gray-900)","--stroke-opacity":1,"--stroke-width":2,"--text":"var(--spectrum-global-color-gray-900)","--text-opacity":1},"zIndex":1},"component_electric_load_10":{"args":{"CompName":"住宅1","CompType":"0","DemandChargePriceModel":"0","ElectricalLoad":"1660286106179297","PowerPriceModel":"1660286375740021"},"canvas":"canvas_0","context":{},"definition":"model/IESLabPlan/ElectricLoad","flip":false,"id":"component_electric_load_10","label":"电负荷1","pins":{"ACPin":"","DCPin":""},"position":{"x":830,"y":405},"props":{"enabled":true},"shape":"diagram-component","size":{"height":160,"width":120},"style":{"--fill":"var(--spectrum-global-color-gray-100)","--fill-opacity":1,"--font-family":"var(--spectrum-global-font-family-base, Arial, Helvetica, sans-serif)","--stroke":"var(--spectrum-global-color-gray-900)","--stroke-opacity":1,"--stroke-width":2,"--text":"var(--spectrum-global-color-gray-900)","--text-opacity":1},"zIndex":66},"component_electric_load_2":{"args":{"CompName":"学校","CompType":"0","DemandChargePriceModel":"0","ElectricalLoad":"1660286159576833","PowerPriceModel":"1660286519807175"},"canvas":"canvas_0","context":{},"definition":"model/IESLabPlan/ElectricLoad","flip":false,"id":"component_electric_load_2","label":"电负荷2","pins":{"ACPin":"","DCPin":""},"position":{"x":135,"y":880},"props":{"enabled":true},"shape":"diagram-component","size":{"height":160,"width":120},"style":{"--fill":"var(--spectrum-global-color-gray-100)","--fill-opacity":1,"--font-family":"var(--spectrum-global-font-family-base, Arial, Helvetica, sans-serif)","--stroke":"var(--spectrum-global-color-gray-900)","--stroke-opacity":1,"--stroke-width":2,"--text":"var(--spectrum-global-color-gray-900)","--text-opacity":1},"zIndex":2},"component_electric_load_3":{"args":{"CompName":"工业1","CompType":"1","DemandChargePriceModel":"0","ElectricalLoad":"1660286609613528","PowerPriceModel":"1660286390221093"},"canvas":"canvas_0","context":{},"definition":"model/IESLabPlan/ElectricLoad","flip":false,"id":"component_electric_load_3","label":"电负荷3","pins":{"ACPin":"","DCPin":""},"position":{"x":755,"y":725},"props":{"enabled":true},"shape":"diagram-component","size":{"height":160,"width":120},"style":{"--fill":"var(--spectrum-global-color-gray-100)","--fill-opacity":1,"--font-family":"var(--spectrum-global-font-family-base, Arial, Helvetica, sans-serif)","--stroke":"var(--spectrum-global-color-gray-900)","--stroke-opacity":1,"--stroke-width":2,"--text":"var(--spectrum-global-color-gray-900)","--text-opacity":1},"zIndex":20},"component_electric_load_4":{"args":{"CompName":"住宅2","CompType":"0","DemandChargePriceModel":"0","ElectricalLoad":"1660286126398657","PowerPriceModel":"1660286375740021"},"canvas":"canvas_0","context":{},"definition":"model/IESLabPlan/ElectricLoad","flip":false,"id":"component_electric_load_4","label":"电负荷1","pins":{"ACPin":"","DCPin":""},"position":{"x":1005,"y":660},"props":{"enabled":true},"shape":"diagram-component","size":{"height":160,"width":120},"style":{"--fill":"var(--spectrum-global-color-gray-100)","--fill-opacity":1,"--font-family":"var(--spectrum-global-font-family-base, Arial, Helvetica, sans-serif)","--stroke":"var(--spectrum-global-color-gray-900)","--stroke-opacity":1,"--stroke-width":2,"--text":"var(--spectrum-global-color-gray-900)","--text-opacity":1},"zIndex":22},"component_electric_load_5":{"args":{"CompName":"住宅3","CompType":"0","DemandChargePriceModel":"0","ElectricalLoad":"1660286139689054","PowerPriceModel":"1660286375740021"},"canvas":"canvas_0","context":{},"definition":"model/IESLabPlan/ElectricLoad","flip":false,"id":"component_electric_load_5","label":"电负荷2","pins":{"ACPin":"","DCPin":""},"position":{"x":1005,"y":825},"props":{"enabled":true},"shape":"diagram-component","size":{"height":160,"width":120},"style":{"--fill":"var(--spectrum-global-color-gray-100)","--fill-opacity":1,"--font-family":"var(--spectrum-global-font-family-base, Arial, Helvetica, sans-serif)","--stroke":"var(--spectrum-global-color-gray-900)","--stroke-opacity":1,"--stroke-width":2,"--text":"var(--spectrum-global-color-gray-900)","--text-opacity":1},"zIndex":23},"component_electric_load_7":{"args":{"CompName":"影院","CompType":"0","DemandChargePriceModel":"0","ElectricalLoad":"1660286206390663","PowerPriceModel":"1660286519807175"},"canvas":"canvas_0","context":{},"definition":"model/IESLabPlan/ElectricLoad","flip":false,"id":"component_electric_load_7","label":"电负荷1","pins":{"ACPin":"","DCPin":""},"position":{"x":425,"y":-150},"props":{"enabled":true},"shape":"diagram-component","size":{"height":160,"width":120},"style":{"--fill":"var(--spectrum-global-color-gray-100)","--fill-opacity":1,"--font-family":"var(--spectrum-global-font-family-base, Arial, Helvetica, sans-serif)","--stroke":"var(--spectrum-global-color-gray-900)","--stroke-opacity":1,"--stroke-width":2,"--text":"var(--spectrum-global-color-gray-900)","--text-opacity":1},"zIndex":50},"component_electric_load_8":{"args":{"CompName":"博物馆","CompType":"0","DemandChargePriceModel":"0","ElectricalLoad":"1660286233432728","PowerPriceModel":"1660286519807175"},"canvas":"canvas_0","context":{},"definition":"model/IESLabPlan/ElectricLoad","flip":false,"id":"component_electric_load_8","label":"电负荷1","pins":{"ACPin":"","DCPin":""},"position":{"x":550,"y":-150},"props":{"enabled":true},"shape":"diagram-component","size":{"height":160,"width":120},"style":{"--fill":"var(--spectrum-global-color-gray-100)","--fill-opacity":1,"--font-family":"var(--spectrum-global-font-family-base, Arial, Helvetica, sans-serif)","--stroke":"var(--spectrum-global-color-gray-900)","--stroke-opacity":1,"--stroke-width":2,"--text":"var(--spectrum-global-color-gray-900)","--text-opacity":1},"zIndex":52},"component_electric_load_9":{"args":{"CompName":"工业2","CompType":"1","DemandChargePriceModel":"0","ElectricalLoad":"1660286628183852","PowerPriceModel":"1660286390221093"},"canvas":"canvas_0","context":{},"definition":"model/IESLabPlan/ElectricLoad","flip":false,"id":"component_electric_load_9","label":"电负荷3","pins":{"ACPin":"","DCPin":""},"position":{"x":1165,"y":-275},"props":{"enabled":true},"shape":"diagram-component","size":{"height":160,"width":120},"style":{"--fill":"var(--spectrum-global-color-gray-100)","--fill-opacity":1,"--font-family":"var(--spectrum-global-font-family-base, Arial, Helvetica, sans-serif)","--stroke":"var(--spectrum-global-color-gray-900)","--stroke-opacity":1,"--stroke-width":2,"--text":"var(--spectrum-global-color-gray-900)","--text-opacity":1},"zIndex":62},"component_external_power_source_1":{"args":{"Angle":"0","CompName":"","FuelModel":"1660286724810101","MiniNewEnergyAbsorbRate":0,"PurchasePriceModel":"1660286407341429","SalePriceModel":"1660286264169018","Voltage":"110"},"canvas":"canvas_0","context":{},"definition":"model/IESLabPlan/ExternalPowerSource","flip":false,"id":"component_external_power_source_1","label":"外部电源1","pins":{"AC":""},"position":{"x":40,"y":150},"props":{"enabled":true},"shape":"diagram-component","size":{"height":120,"width":180},"style":{"--fill":"var(--spectrum-global-color-gray-100)","--fill-opacity":1,"--font-family":"var(--spectrum-global-font-family-base, Arial, Helvetica, sans-serif)","--stroke":"var(--spectrum-global-color-gray-900)","--stroke-opacity":1,"--stroke-width":2,"--text":"var(--spectrum-global-color-gray-900)","--text-opacity":1},"zIndex":4},"component_mmc_1":{"args":{"ACP":"100","ACQ":"0","ACTHETA":"0","ACV":"10","CompName":"","ControlStyle":"3","DCV":"10","DeviceSelection":"1660286935788550"},"canvas":"canvas_0","context":{},"definition":"model/IESLabPlan/MMC","flip":false,"id":"component_mmc_1","label":"模块化多电平变流器1","pins":{"AC":"","DC":""},"position":{"x":410,"y":665},"props":{"enabled":true},"shape":"diagram-component","size":{"height":120,"width":200},"style":{"--fill":"var(--spectrum-global-color-gray-100)","--fill-opacity":1,"--font-family":"var(--spectrum-global-font-family-base, Arial, Helvetica, sans-serif)","--stroke":"var(--spectrum-global-color-gray-900)","--stroke-opacity":1,"--stroke-width":2,"--text":"var(--spectrum-global-color-gray-900)","--text-opacity":1},"zIndex":14},"component_mmc_2":{"args":{"ACP":"100","ACQ":"0","ACTHETA":"0","ACV":"10","CompName":"","ControlStyle":"3","DCV":"10","DeviceSelection":"1660286935788550"},"canvas":"canvas_0","context":{},"definition":"model/IESLabPlan/MMC","flip":false,"id":"component_mmc_2","label":"模块化多电平变流器1","pins":{"AC":"","DC":""},"position":{"x":1260,"y":625},"props":{"enabled":true},"shape":"diagram-component","size":{"height":120,"width":200},"style":{"--fill":"var(--spectrum-global-color-gray-100)","--fill-opacity":1,"--font-family":"var(--spectrum-global-font-family-base, Arial, Helvetica, sans-serif)","--stroke":"var(--spectrum-global-color-gray-900)","--stroke-opacity":1,"--stroke-width":2,"--text":"var(--spectrum-global-color-gray-900)","--text-opacity":1},"zIndex":26},"component_mmc_3":{"args":{"ACP":"100","ACQ":"0","ACTHETA":"0","ACV":"10","CompName":"","ControlStyle":"3","DCV":"10","DeviceSelection":"1660286935788550"},"canvas":"canvas_0","context":{},"definition":"model/IESLabPlan/MMC","flip":false,"id":"component_mmc_3","label":"模块化多电平变流器1","pins":{"AC":"","DC":""},"position":{"x":855,"y":-280},"props":{"enabled":true},"shape":"diagram-component","size":{"height":120,"width":200},"style":{"--fill":"var(--spectrum-global-color-gray-100)","--fill-opacity":1,"--font-family":"var(--spectrum-global-font-family-base, Arial, Helvetica, sans-serif)","--stroke":"var(--spectrum-global-color-gray-900)","--stroke-opacity":1,"--stroke-width":2,"--text":"var(--spectrum-global-color-gray-900)","--text-opacity":1},"zIndex":56},"component_photovoltaic_1":{"args":{"CompName":"","CompType":"1","DeviceNumber":"1","DeviceSelection":"0","DipAngle":"30","LossCoes":[{"0":"直流电缆损失","1":"98","ɵid":119838046},{"0":"光伏组件串并联不匹配损失","1":"99","ɵid":951708956},{"0":"灰尘及雨雪遮挡损失","1":"97","ɵid":285764398},{"0":"交流线路损失","1":"99","ɵid":666359824},{"0":"逆变器MPPT的效率损失","1":"96","ɵid":542840425},{"0":"太阳辐射入射（IAM）损失","1":"97","ɵid":268430986},{"0":"变压器损失","1":"99","ɵid":456227238}],"MaxPanelArea":50000,"MiniPanelArea":1000,"OptimizationChoice":"1","PowerCurve":[["2021-01-01 00:00:00","100"],["2021-01-01 01:00:00","100"],["2021-01-01 02:00:00","100"],["2021-01-01 03:00:00","100"],["2021-01-01 04:00:00","100"],["2021-01-01 05:00:00","100"],["2021-01-01 06:00:00","100"],["2021-01-01 07:00:00","100"],["2021-01-01 08:00:00","100"],["2021-01-01 09:00:00","100"],["2021-01-01 10:00:00","100"],["2021-01-01 11:00:00","100"],["2021-01-01 12:00:00","100"],["2021-01-01 13:00:00","100"],["2021-01-01 14:00:00","100"],["2021-01-01 15:00:00","100"],["2021-01-01 16:00:00","100"],["2021-01-01 17:00:00","100"],["2021-01-01 18:00:00","100"],["2021-01-01 19:00:00","100"],["2021-01-01 20:00:00","100"],["2021-01-01 21:00:00","100"],["2021-01-01 22:00:00","100"],["2021-01-01 23:00:00","100"]],"PowerMode":"0","Strategy":[["2021-01-01 00:00:00","1"],["2021-01-01 01:00:00","1"],["2021-01-01 02:00:00","1"],["2021-01-01 03:00:00","1"],["2021-01-01 04:00:00","1"],["2021-01-01 05:00:00","1"],["2021-01-01 06:00:00","1"],["2021-01-01 07:00:00","1"],["2021-01-01 08:00:00","1"],["2021-01-01 09:00:00","1"],["2021-01-01 10:00:00","1"],["2021-01-01 11:00:00","1"],["2021-01-01 12:00:00","1"],["2021-01-01 13:00:00","1"],["2021-01-01 14:00:00","1"],["2021-01-01 15:00:00","1"],["2021-01-01 16:00:00","1"],["2021-01-01 17:00:00","1"],["2021-01-01 18:00:00","1"],["2021-01-01 19:00:00","1"],["2021-01-01 20:00:00","1"],["2021-01-01 21:00:00","1"],["2021-01-01 22:00:00","1"],["2021-01-01 23:00:00","1"]],"TrackingMethod":"0"},"canvas":"canvas_0","context":{},"definition":"model/IESLabPlan/Photovoltaic","flip":false,"id":"component_photovoltaic_1","label":"光伏发电系统1","pins":{"AC":"","DC":""},"position":{"x":490,"y":920},"props":{"enabled":true},"shape":"diagram-component","size":{"height":120,"width":180},"style":{"--fill":"var(--spectrum-global-color-gray-100)","--fill-opacity":1,"--font-family":"var(--spectrum-global-font-family-base, Arial, Helvetica, sans-serif)","--stroke":"var(--spectrum-global-color-gray-900)","--stroke-opacity":1,"--stroke-width":2,"--text":"var(--spectrum-global-color-gray-900)","--text-opacity":1},"zIndex":17},"component_photovoltaic_3":{"args":{"CompName":"","CompType":"1","DeviceNumber":"1","DeviceSelection":"0","DipAngle":"30","LossCoes":[{"0":"直流电缆损失","1":"98","ɵid":119838046},{"0":"光伏组件串并联不匹配损失","1":"99","ɵid":951708956},{"0":"灰尘及雨雪遮挡损失","1":"97","ɵid":285764398},{"0":"交流线路损失","1":"99","ɵid":666359824},{"0":"逆变器MPPT的效率损失","1":"96","ɵid":542840425},{"0":"太阳辐射入射（IAM）损失","1":"97","ɵid":268430986},{"0":"变压器损失","1":"99","ɵid":456227238}],"MaxPanelArea":30000,"MiniPanelArea":2000,"OptimizationChoice":"1","PowerCurve":[["2021-01-01 00:00:00","100"],["2021-01-01 01:00:00","100"],["2021-01-01 02:00:00","100"],["2021-01-01 03:00:00","100"],["2021-01-01 04:00:00","100"],["2021-01-01 05:00:00","100"],["2021-01-01 06:00:00","100"],["2021-01-01 07:00:00","100"],["2021-01-01 08:00:00","100"],["2021-01-01 09:00:00","100"],["2021-01-01 10:00:00","100"],["2021-01-01 11:00:00","100"],["2021-01-01 12:00:00","100"],["2021-01-01 13:00:00","100"],["2021-01-01 14:00:00","100"],["2021-01-01 15:00:00","100"],["2021-01-01 16:00:00","100"],["2021-01-01 17:00:00","100"],["2021-01-01 18:00:00","100"],["2021-01-01 19:00:00","100"],["2021-01-01 20:00:00","100"],["2021-01-01 21:00:00","100"],["2021-01-01 22:00:00","100"],["2021-01-01 23:00:00","100"]],"PowerMode":"0","Strategy":[["2021-01-01 00:00:00","1"],["2021-01-01 01:00:00","1"],["2021-01-01 02:00:00","1"],["2021-01-01 03:00:00","1"],["2021-01-01 04:00:00","1"],["2021-01-01 05:00:00","1"],["2021-01-01 06:00:00","1"],["2021-01-01 07:00:00","1"],["2021-01-01 08:00:00","1"],["2021-01-01 09:00:00","1"],["2021-01-01 10:00:00","1"],["2021-01-01 11:00:00","1"],["2021-01-01 12:00:00","1"],["2021-01-01 13:00:00","1"],["2021-01-01 14:00:00","1"],["2021-01-01 15:00:00","1"],["2021-01-01 16:00:00","1"],["2021-01-01 17:00:00","1"],["2021-01-01 18:00:00","1"],["2021-01-01 19:00:00","1"],["2021-01-01 20:00:00","1"],["2021-01-01 21:00:00","1"],["2021-01-01 22:00:00","1"],["2021-01-01 23:00:00","1"]],"TrackingMethod":"0"},"canvas":"canvas_0","context":{},"definition":"model/IESLabPlan/Photovoltaic","flip":true,"id":"component_photovoltaic_3","label":"光伏发电系统1","pins":{"AC":"","DC":""},"position":{"x":1115,"y":-70},"props":{"enabled":true},"shape":"diagram-component","size":{"height":120,"width":180},"style":{"--fill":"var(--spectrum-global-color-gray-100)","--fill-opacity":1,"--font-family":"var(--spectrum-global-font-family-base, Arial, Helvetica, sans-serif)","--stroke":"var(--spectrum-global-color-gray-900)","--stroke-opacity":1,"--stroke-width":2,"--text":"var(--spectrum-global-color-gray-900)","--text-opacity":1},"zIndex":59},"component_transfer_line_1":{"args":{"CompName":"","CompType":"0","DeviceSelection":"1660286926837310","Length":1.5},"canvas":"canvas_0","context":{},"definition":"model/IESLabPlan/TransferLine","flip":false,"id":"component_transfer_line_1","label":"传输线1","pins":{"AC_Inlet":"","AC_Outlet":"","DC_Inlet":"","DC_Outlet":""},"position":{"x":745,"y":205},"props":{"enabled":true},"shape":"diagram-component","size":{"height":23,"width":120},"style":{"--fill":"var(--spectrum-global-color-gray-100)","--fill-opacity":1,"--font-family":"var(--spectrum-global-font-family-base, Arial, Helvetica, sans-serif)","--stroke":"var(--spectrum-global-color-gray-900)","--stroke-opacity":1,"--stroke-width":2,"--text":"var(--spectrum-global-color-gray-900)","--text-opacity":1},"zIndex":12},"component_transfer_line_2":{"angle":270,"args":{"CompName":"","CompType":"0","DeviceSelection":"1660286926837310","Length":2.3},"canvas":"canvas_0","context":{},"definition":"model/IESLabPlan/TransferLine","flip":false,"id":"component_transfer_line_2","label":"传输线1","pins":{"AC_Inlet":"","AC_Outlet":"","DC_Inlet":"","DC_Outlet":""},"position":{"x":295,"y":-45},"props":{"enabled":true},"shape":"diagram-component","size":{"height":23,"width":120},"style":{"--fill":"var(--spectrum-global-color-gray-100)","--fill-opacity":1,"--font-family":"var(--spectrum-global-font-family-base, Arial, Helvetica, sans-serif)","--stroke":"var(--spectrum-global-color-gray-900)","--stroke-opacity":1,"--stroke-width":2,"--text":"var(--spectrum-global-color-gray-900)","--text-opacity":1},"zIndex":44},"component_transfer_line_3":{"args":{"CompName":"","CompType":"0","DeviceSelection":"1660286926837310","Length":0.5},"canvas":"canvas_0","context":{},"definition":"model/IESLabPlan/TransferLine","flip":false,"id":"component_transfer_line_3","label":"传输线1","pins":{"AC_Inlet":"","AC_Outlet":"","DC_Inlet":"","DC_Outlet":""},"position":{"x":670,"y":-325},"props":{"enabled":true},"shape":"diagram-component","size":{"height":23,"width":120},"style":{"--fill":"var(--spectrum-global-color-gray-100)","--fill-opacity":1,"--font-family":"var(--spectrum-global-font-family-base, Arial, Helvetica, sans-serif)","--stroke":"var(--spectrum-global-color-gray-900)","--stroke-opacity":1,"--stroke-width":2,"--text":"var(--spectrum-global-color-gray-900)","--text-opacity":1},"zIndex":54},"component_transfer_line_4":{"args":{"CompName":"","CompType":"0","DeviceSelection":"1660286926837310","Length":0.4},"canvas":"canvas_0","context":{},"definition":"model/IESLabPlan/TransferLine","flip":false,"id":"component_transfer_line_4","label":"传输线1","pins":{"AC_Inlet":"","AC_Outlet":"","DC_Inlet":"","DC_Outlet":""},"position":{"x":585,"y":560},"props":{"enabled":true},"shape":"diagram-component","size":{"height":23,"width":120},"style":{"--fill":"var(--spectrum-global-color-gray-100)","--fill-opacity":1,"--font-family":"var(--spectrum-global-font-family-base, Arial, Helvetica, sans-serif)","--stroke":"var(--spectrum-global-color-gray-900)","--stroke-opacity":1,"--stroke-width":2,"--text":"var(--spectrum-global-color-gray-900)","--text-opacity":1},"zIndex":64},"component_transformer_1":{"angle":90,"args":{"CompName":"","DeviceSelection":"1660286914095040"},"canvas":"canvas_0","context":{},"definition":"model/IESLabPlan/Transformer","flip":false,"id":"component_transformer_1","label":"交流变压器1","pins":{"AC1":"","AC2":""},"position":{"x":250,"y":410},"props":{"enabled":true},"shape":"diagram-component","size":{"height":120,"width":200},"style":{"--fill":"var(--spectrum-global-color-gray-100)","--fill-opacity":1,"--font-family":"var(--spectrum-global-font-family-base, Arial, Helvetica, sans-serif)","--stroke":"var(--spectrum-global-color-gray-900)","--stroke-opacity":1,"--stroke-width":2,"--text":"var(--spectrum-global-color-gray-900)","--text-opacity":1},"zIndex":6},"component_transformer_2":{"angle":90,"args":{"CompName":"","DeviceSelection":"1660286914095040"},"canvas":"canvas_0","context":{},"definition":"model/IESLabPlan/Transformer","flip":false,"id":"component_transformer_2","label":"交流变压器1","pins":{"AC1":"","AC2":""},"position":{"x":1110,"y":370},"props":{"enabled":true},"shape":"diagram-component","size":{"height":120,"width":200},"style":{"--fill":"var(--spectrum-global-color-gray-100)","--fill-opacity":1,"--font-family":"var(--spectrum-global-font-family-base, Arial, Helvetica, sans-serif)","--stroke":"var(--spectrum-global-color-gray-900)","--stroke-opacity":1,"--stroke-width":2,"--text":"var(--spectrum-global-color-gray-900)","--text-opacity":1},"zIndex":24},"component_transformer_3":{"angle":90,"args":{"CompName":"","DeviceSelection":"1660286914095040"},"canvas":"canvas_0","context":{},"definition":"model/IESLabPlan/Transformer","flip":true,"id":"component_transformer_3","label":"交流变压器1","pins":{"AC1":"","AC2":""},"position":{"x":243,"y":-315},"props":{"enabled":true},"shape":"diagram-component","size":{"height":120,"width":200},"style":{"--fill":"var(--spectrum-global-color-gray-100)","--fill-opacity":1,"--font-family":"var(--spectrum-global-font-family-base, Arial, Helvetica, sans-serif)","--stroke":"var(--spectrum-global-color-gray-900)","--stroke-opacity":1,"--stroke-width":2,"--text":"var(--spectrum-global-color-gray-900)","--text-opacity":1},"zIndex":46},"component_wind_turbine_1":{"args":{"CompName":"","CompType":"1","DeviceNumber":"1","DeviceSelection":"0","MaxPowerGenCapacity":3000,"MiniPowerGenCapacity":1000,"OperateParam":[["2021-01-01 00:00:00","1"],["2021-01-01 01:00:00","1"],["2021-01-01 02:00:00","1"],["2021-01-01 03:00:00","1"],["2021-01-01 04:00:00","1"],["2021-01-01 05:00:00","1"],["2021-01-01 06:00:00","1"],["2021-01-01 07:00:00","1"],["2021-01-01 08:00:00","1"],["2021-01-01 09:00:00","1"],["2021-01-01 10:00:00","1"],["2021-01-01 11:00:00","1"],["2021-01-01 12:00:00","1"],["2021-01-01 13:00:00","1"],["2021-01-01 14:00:00","1"],["2021-01-01 15:00:00","1"],["2021-01-01 16:00:00","1"],["2021-01-01 17:00:00","1"],["2021-01-01 18:00:00","1"],["2021-01-01 19:00:00","1"],["2021-01-01 20:00:00","1"],["2021-01-01 21:00:00","1"],["2021-01-01 22:00:00","1"],["2021-01-01 23:00:00","1"]],"OptimizationChoice":"1","PowerCurve":[["2021-01-01 00:00:00","259"],["2021-01-01 01:00:00","0"],["2021-01-01 02:00:00","0"],["2021-01-01 03:00:00","297"],["2021-01-01 04:00:00","236"],["2021-01-01 05:00:00","314"],["2021-01-01 06:00:00","223"],["2021-01-01 07:00:00","233"],["2021-01-01 08:00:00","256"],["2021-01-01 09:00:00","212"],["2021-01-01 10:00:00","268"],["2021-01-01 11:00:00","303"],["2021-01-01 12:00:00","232"],["2021-01-01 13:00:00","208"],["2021-01-01 14:00:00","316"],["2021-01-01 15:00:00","320"],["2021-01-01 16:00:00","0"],["2021-01-01 17:00:00","0"],["2021-01-01 18:00:00","0"],["2021-01-01 19:00:00","0"],["2021-01-01 20:00:00","226"],["2021-01-01 21:00:00","220"],["2021-01-01 22:00:00","297"],["2021-01-01 23:00:00","0"]],"PowerMode":"0"},"canvas":"canvas_0","context":{},"definition":"model/IESLabPlan/WindTurbine","flip":false,"id":"component_wind_turbine_1","label":"风力发电机1","pins":{"AC":"","DC":""},"position":{"x":530,"y":770},"props":{"enabled":true},"shape":"diagram-component","size":{"height":160,"width":120},"style":{"--fill":"var(--spectrum-global-color-gray-100)","--fill-opacity":1,"--font-family":"var(--spectrum-global-font-family-base, Arial, Helvetica, sans-serif)","--stroke":"var(--spectrum-global-color-gray-900)","--stroke-opacity":1,"--stroke-width":2,"--text":"var(--spectrum-global-color-gray-900)","--text-opacity":1},"zIndex":16},"component_wind_turbine_3":{"args":{"CompName":"","CompType":"1","DeviceNumber":"1","DeviceSelection":"0","MaxPowerGenCapacity":5000,"MiniPowerGenCapacity":2000,"OperateParam":[["2021-01-01 00:00:00","1"],["2021-01-01 01:00:00","1"],["2021-01-01 02:00:00","1"],["2021-01-01 03:00:00","1"],["2021-01-01 04:00:00","1"],["2021-01-01 05:00:00","1"],["2021-01-01 06:00:00","1"],["2021-01-01 07:00:00","1"],["2021-01-01 08:00:00","1"],["2021-01-01 09:00:00","1"],["2021-01-01 10:00:00","1"],["2021-01-01 11:00:00","1"],["2021-01-01 12:00:00","1"],["2021-01-01 13:00:00","1"],["2021-01-01 14:00:00","1"],["2021-01-01 15:00:00","1"],["2021-01-01 16:00:00","1"],["2021-01-01 17:00:00","1"],["2021-01-01 18:00:00","1"],["2021-01-01 19:00:00","1"],["2021-01-01 20:00:00","1"],["2021-01-01 21:00:00","1"],["2021-01-01 22:00:00","1"],["2021-01-01 23:00:00","1"]],"OptimizationChoice":"1","PowerCurve":[["2021-01-01 00:00:00","259"],["2021-01-01 01:00:00","0"],["2021-01-01 02:00:00","0"],["2021-01-01 03:00:00","297"],["2021-01-01 04:00:00","236"],["2021-01-01 05:00:00","314"],["2021-01-01 06:00:00","223"],["2021-01-01 07:00:00","233"],["2021-01-01 08:00:00","256"],["2021-01-01 09:00:00","212"],["2021-01-01 10:00:00","268"],["2021-01-01 11:00:00","303"],["2021-01-01 12:00:00","232"],["2021-01-01 13:00:00","208"],["2021-01-01 14:00:00","316"],["2021-01-01 15:00:00","320"],["2021-01-01 16:00:00","0"],["2021-01-01 17:00:00","0"],["2021-01-01 18:00:00","0"],["2021-01-01 19:00:00","0"],["2021-01-01 20:00:00","226"],["2021-01-01 21:00:00","220"],["2021-01-01 22:00:00","297"],["2021-01-01 23:00:00","0"]],"PowerMode":"0"},"canvas":"canvas_0","context":{},"definition":"model/IESLabPlan/WindTurbine","flip":false,"id":"component_wind_turbine_3","label":"风力发电机1","pins":{"AC":"","DC":""},"position":{"x":880,"y":-130},"props":{"enabled":true},"shape":"diagram-component","size":{"height":160,"width":120},"style":{"--fill":"var(--spectrum-global-color-gray-100)","--fill-opacity":1,"--font-family":"var(--spectrum-global-font-family-base, Arial, Helvetica, sans-serif)","--stroke":"var(--spectrum-global-color-gray-900)","--stroke-opacity":1,"--stroke-width":2,"--text":"var(--spectrum-global-color-gray-900)","--text-opacity":1},"zIndex":58},"edge_2TZvuMV3JWF5":{"attrs":{"line":{"targetMarker":{"args":{"cx":0,"r":0.5}}},"root":{"style":{"--stroke":"var(--edge-electricalAc-stroke,var(--edge-stroke))","--stroke-opacity":1,"--stroke-width":4}}},"canvas":"canvas_0","id":"edge_2TZvuMV3JWF5","shape":"diagram-edge","source":{"anchor":{"name":"center"},"cell":"component_electric_load_4","port":"ACPin"},"target":{"anchor":{"args":{"dx":"-35%","dy":"0%","rotate":true},"name":"center"},"cell":"component_bus_node_5","port":"0","selector":"> rect:nth-child(2)"},"vertices":[],"zIndex":31},"edge_3lAu6Dg8MBbC":{"attrs":{"line":{"targetMarker":{"args":{"cx":0,"r":0.5}}},"root":{"style":{"--stroke":"var(--edge-electricalAc-stroke,var(--edge-stroke))","--stroke-opacity":1,"--stroke-width":4}}},"canvas":"canvas_0","id":"edge_3lAu6Dg8MBbC","shape":"diagram-edge","source":{"anchor":{"name":"center"},"cell":"component_mmc_2","port":"AC"},"target":{"anchor":{"args":{"dx":"20%","dy":"0%","rotate":true},"name":"center"},"cell":"component_bus_node_5","port":"0","selector":"> rect:nth-child(2)"},"vertices":[],"zIndex":33},"edge_424UkFon0QP2":{"attrs":{"root":{"style":{"--stroke":"var(--edge-electricalDc-stroke,var(--edge-stroke))","--stroke-opacity":1,"--stroke-width":4}}},"canvas":"canvas_0","id":"edge_424UkFon0QP2","shape":"diagram-edge","source":{"anchor":{"name":"center"},"cell":"component_photovoltaic_1","port":"DC"},"target":{"anchor":{"args":{"ratio":0.1417004048582996},"name":"ratio"},"cell":"edge_Vbo2GehMz0jm"},"vertices":[],"zIndex":71},"edge_6ggTL5PHj3zr":{"attrs":{"line":{"targetMarker":{"args":{"cx":0,"r":0.5}}},"root":{"style":{"--stroke":"var(--edge-electricalAc-stroke,var(--edge-stroke))","--stroke-opacity":1,"--stroke-width":4}}},"canvas":"canvas_0","id":"edge_6ggTL5PHj3zr","shape":"diagram-edge","source":{"anchor":{"name":"center"},"cell":"component_external_power_source_1","port":"AC"},"target":{"anchor":{"args":{"dx":"-15%","dy":"0%","rotate":true},"name":"center"},"cell":"component_bus_node_1","port":"0","selector":"> rect:nth-child(2)"},"vertices":[],"zIndex":5},"edge_7LyuduYdxyro":{"attrs":{"line":{"sourceMarker":{"args":{"cx":0,"r":0.5},"name":"circle"},"stroke":"var(--stroke)","strokeWidth":"var(--stroke-width)","targetMarker":{"args":{"cx":0,"r":0.5},"name":"circle"}},"lines":{"connection":true,"strokeLinejoin":"round"},"root":{"style":{"--stroke":"var(--edge-electricalAc-stroke,var(--edge-stroke))","--stroke-opacity":1,"--stroke-width":4}}},"canvas":"canvas_0","id":"edge_7LyuduYdxyro","shape":"diagram-edge","source":{"anchor":{"name":"center"},"cell":"component_electric_load_7","port":"ACPin"},"target":{"anchor":{"args":{"dx":"-5%","dy":"0%","rotate":true},"name":"center"},"cell":"component_bus_node_8","port":"0","selector":"> rect:nth-child(2)"},"vertices":[],"zIndex":51},"edge_EQ2voX44RmW5":{"attrs":{"line":{"targetMarker":{"args":{"cx":0,"r":0.5}}},"root":{"style":{"--stroke":"var(--edge-electricalAc-stroke,var(--edge-stroke))","--stroke-opacity":1,"--stroke-width":4}}},"canvas":"canvas_0","id":"edge_EQ2voX44RmW5","shape":"diagram-edge","source":{"anchor":{"name":"center"},"cell":"component_transfer_line_2","port":"AC_Inlet"},"target":{"anchor":{"name":"center"},"cell":"component_bus_node_1","port":"0","selector":"> rect:nth-child(2)"},"vertices":[],"zIndex":45},"edge_EXOjYqlZRfpt":{"attrs":{"line":{"sourceMarker":{"args":{"cx":0,"r":0.5},"name":"circle"},"stroke":"var(--stroke)","strokeWidth":"var(--stroke-width)","targetMarker":{"args":{"cx":0,"r":0.5},"name":"circle"}},"lines":{"connection":true,"strokeLinejoin":"round"},"root":{"style":{"--stroke":"var(--edge-electricalAc-stroke,var(--edge-stroke))","--stroke-opacity":1,"--stroke-width":4}}},"canvas":"canvas_0","id":"edge_EXOjYqlZRfpt","shape":"diagram-edge","source":{"anchor":{"name":"center"},"cell":"component_transfer_line_3","port":"AC_Inlet"},"target":{"anchor":{"args":{"dx":"10%","dy":"0%","rotate":true},"name":"center"},"cell":"component_bus_node_8","port":"0","selector":"> rect:nth-child(2)"},"vertices":[],"zIndex":55},"edge_EfinZcIihrEp":{"attrs":{"line":{"sourceMarker":{"args":{"cx":0,"r":0.5},"name":"circle"},"stroke":"var(--stroke)","strokeWidth":"var(--stroke-width)","targetMarker":{"args":{"cx":0,"r":0.5},"name":"circle"}},"lines":{"connection":true,"strokeLinejoin":"round"},"root":{"style":{"--stroke":"var(--edge-electricalAc-stroke,var(--edge-stroke))","--stroke-opacity":1,"--stroke-width":4}}},"canvas":"canvas_0","id":"edge_EfinZcIihrEp","shape":"diagram-edge","source":{"anchor":{"name":"center"},"cell":"component_transformer_1","port":"AC2"},"target":{"anchor":{"name":"center"},"cell":"component_bus_node_2","port":"0","selector":"> rect:nth-child(2)"},"vertices":[],"zIndex":9},"edge_FwXynPxGo608":{"attrs":{"line":{"sourceMarker":{"args":{"cx":0,"r":0.5},"name":"circle"},"stroke":"var(--stroke)","strokeWidth":"var(--stroke-width)","targetMarker":{"args":{"cx":0,"r":0.5},"name":"circle"}},"lines":{"connection":true,"strokeLinejoin":"round"},"root":{"style":{"--stroke":"var(--edge-electricalAc-stroke,var(--edge-stroke))","--stroke-opacity":1,"--stroke-width":4}}},"canvas":"canvas_0","id":"edge_FwXynPxGo608","shape":"diagram-edge","source":{"anchor":{"name":"center"},"cell":"component_transfer_line_2","port":"AC_Outlet"},"target":{"anchor":{"name":"center"},"cell":"component_transformer_3","port":"AC1"},"vertices":[],"zIndex":47},"edge_HCmDqTKnzJaL":{"attrs":{"line":{"sourceMarker":{"args":{"cx":0,"r":0.5},"name":"circle"},"stroke":"var(--stroke)","strokeWidth":"var(--stroke-width)","targetMarker":{"args":{"cx":0,"r":0.5},"name":"circle"}},"lines":{"connection":true,"strokeLinejoin":"round"},"root":{"style":{"--stroke":"var(--edge-electricalAc-stroke,var(--edge-stroke))","--stroke-opacity":1,"--stroke-width":4}}},"canvas":"canvas_0","id":"edge_HCmDqTKnzJaL","shape":"diagram-edge","source":{"anchor":{"name":"center"},"cell":"component_electric_load_1","port":"ACPin"},"target":{"anchor":{"args":{"dx":"-35%","dy":"0%","rotate":true},"name":"center"},"cell":"component_bus_node_2","port":"0","selector":"> rect:nth-child(2)"},"vertices":[],"zIndex":10},"edge_HyiJdj85rVzF":{"attrs":{"line":{"sourceMarker":{"args":{"cx":0,"r":0.5},"name":"circle"},"stroke":"var(--stroke)","strokeWidth":"var(--stroke-width)","targetMarker":{"args":{"cx":0,"r":0.5},"name":"circle"}},"lines":{"connection":true,"strokeLinejoin":"round"},"root":{"style":{"--stroke":"var(--edge-electricalAc-stroke,var(--edge-stroke))","--stroke-opacity":1,"--stroke-width":4}}},"canvas":"canvas_0","id":"edge_HyiJdj85rVzF","shape":"diagram-edge","source":{"anchor":{"name":"center"},"cell":"component_electric_load_8","port":"ACPin"},"target":{"anchor":{"args":{"dx":"20%","dy":"0%","rotate":true},"name":"center"},"cell":"component_bus_node_8","port":"0","selector":"> rect:nth-child(2)"},"vertices":[],"zIndex":53},"edge_JTwyb3GHIKFF":{"attrs":{"line":{"sourceMarker":{"args":{"cx":0,"r":0.5},"name":"circle"},"stroke":"var(--stroke)","strokeWidth":"var(--stroke-width)","targetMarker":{"args":{"cx":0,"r":0.5},"name":"circle"}},"lines":{"connection":true,"strokeLinejoin":"round"},"root":{"style":{"--stroke":"var(--edge-electricalDc-stroke,var(--edge-stroke))","--stroke-opacity":1,"--stroke-width":4}}},"canvas":"canvas_0","id":"edge_JTwyb3GHIKFF","shape":"diagram-edge","source":{"anchor":{"name":"center"},"cell":"component_electric_load_9","port":"DCPin"},"target":{"anchor":{"args":{"dx":"25%","dy":"0%","rotate":true},"name":"center"},"cell":"component_bus_node_13","port":"1","selector":"> rect:nth-child(2)"},"vertices":[],"zIndex":78},"edge_Jjh8lHEFNy0q":{"attrs":{"line":{"sourceMarker":{"args":{"cx":0,"r":0.5},"name":"circle"},"stroke":"var(--stroke)","strokeWidth":"var(--stroke-width)","targetMarker":{"args":{"cx":0,"r":0.5},"name":"circle"}},"lines":{"connection":true,"strokeLinejoin":"round"},"root":{"style":{"--stroke":"var(--edge-electricalAc-stroke,var(--edge-stroke))","--stroke-opacity":1,"--stroke-width":4}}},"canvas":"canvas_0","id":"edge_Jjh8lHEFNy0q","shape":"diagram-edge","source":{"anchor":{"name":"center"},"cell":"component_transfer_line_3","port":"AC_Outlet"},"target":{"anchor":{"name":"center"},"cell":"component_mmc_3","port":"AC"},"vertices":[],"zIndex":57},"edge_LiOV0lfpSyyO":{"attrs":{"line":{"sourceMarker":{"args":{"cx":0,"r":0.5},"name":"circle"},"stroke":"var(--stroke)","strokeWidth":"var(--stroke-width)","targetMarker":{"args":{"cx":0,"r":0.5},"name":"circle"}},"lines":{"connection":true,"strokeLinejoin":"round"},"root":{"style":{"--stroke":"var(--edge-electricalDc-stroke,var(--edge-stroke))","--stroke-opacity":1,"--stroke-width":4}}},"canvas":"canvas_0","id":"edge_LiOV0lfpSyyO","shape":"diagram-edge","source":{"anchor":{"name":"center"},"cell":"component_mmc_3","port":"DC"},"target":{"anchor":{"args":{"dx":"-15%","dy":"0%","rotate":true},"name":"center"},"cell":"component_bus_node_13","port":"1","selector":"> rect:nth-child(2)"},"vertices":[],"zIndex":77},"edge_Lz1Xu1iz5X7G":{"attrs":{"line":{"sourceMarker":{"args":{"cx":0,"r":0.5},"name":"circle"},"stroke":"var(--stroke)","strokeWidth":"var(--stroke-width)","targetMarker":{"args":{"cx":0,"r":0.5},"name":"circle"}},"lines":{"connection":true,"strokeLinejoin":"round"},"root":{"style":{"--stroke":"var(--edge-electricalAc-stroke,var(--edge-stroke))","--stroke-opacity":1,"--stroke-width":4}}},"canvas":"canvas_0","id":"edge_Lz1Xu1iz5X7G","shape":"diagram-edge","source":{"anchor":{"name":"center"},"cell":"component_electric_load_2","port":"ACPin"},"target":{"anchor":{"args":{"dx":"-15%","dy":"0%","rotate":true},"name":"center"},"cell":"component_bus_node_2","port":"0","selector":"> rect:nth-child(2)"},"vertices":[],"zIndex":11},"edge_Vbo2GehMz0jm":{"attrs":{"line":{"sourceMarker":{"args":{"cx":0,"r":0.5},"name":"circle"},"stroke":"var(--stroke)","strokeWidth":"var(--stroke-width)","targetMarker":{"args":{"cx":0,"r":0.5},"name":"circle"}},"lines":{"connection":true,"strokeLinejoin":"round"},"root":{"style":{"--stroke":"var(--edge-electricalDc-stroke,var(--edge-stroke))","--stroke-opacity":1,"--stroke-width":4}}},"canvas":"canvas_0","id":"edge_Vbo2GehMz0jm","shape":"diagram-edge","source":{"anchor":{"name":"center"},"cell":"component_wind_turbine_1","port":"DC"},"target":{"anchor":{"args":{"dx":"25%","dy":"0%","rotate":true},"name":"center"},"cell":"component_bus_node_11","port":"1","selector":"> rect:nth-child(2)"},"vertices":[],"zIndex":70},"edge_VtYd7vIlPUnf":{"attrs":{"line":{"sourceMarker":{"args":{"cx":0,"r":0.5},"name":"circle"},"stroke":"var(--stroke)","strokeWidth":"var(--stroke-width)","targetMarker":{"args":{"cx":0,"r":0.5},"name":"circle"}},"lines":{"connection":true,"strokeLinejoin":"round"},"root":{"style":{"--stroke":"var(--edge-electricalDc-stroke,var(--edge-stroke))","--stroke-opacity":1,"--stroke-width":4}}},"canvas":"canvas_0","id":"edge_VtYd7vIlPUnf","shape":"diagram-edge","source":{"anchor":{"name":"center"},"cell":"component_battery_1","port":"DC"},"target":{"anchor":{"args":{"dx":"-5%","dy":"0%","rotate":true},"name":"center"},"cell":"component_bus_node_12","port":"1","selector":"> rect:nth-child(2)"},"vertices":[],"zIndex":79},"edge_aMbEndXra0je":{"attrs":{"line":{"sourceMarker":{"args":{"cx":0,"r":0.5},"name":"circle"},"stroke":"var(--stroke)","strokeWidth":"var(--stroke-width)","targetMarker":{"args":{"cx":0,"r":0.5},"name":"circle"}},"lines":{"connection":true,"strokeLinejoin":"round"},"root":{"style":{"--stroke":"var(--edge-electricalAc-stroke,var(--edge-stroke))","--stroke-opacity":1,"--stroke-width":4}}},"canvas":"canvas_0","id":"edge_aMbEndXra0je","shape":"diagram-edge","source":{"anchor":{"name":"center"},"cell":"component_transfer_line_1","port":"AC_Outlet"},"target":{"anchor":{"name":"center"},"cell":"component_transformer_2","port":"AC1"},"vertices":[],"zIndex":37},"edge_ac18Xe0CMTQC":{"attrs":{"line":{"targetMarker":{"args":{"cx":0,"r":0.5}}},"root":{"style":{"--stroke":"var(--edge-electricalAc-stroke,var(--edge-stroke))","--stroke-opacity":1,"--stroke-width":4}}},"canvas":"canvas_0","id":"edge_ac18Xe0CMTQC","shape":"diagram-edge","source":{"anchor":{"name":"center"},"cell":"component_transformer_1","port":"AC1"},"target":{"anchor":{"args":{"dx":"5%","dy":"0%","rotate":true},"name":"center"},"cell":"component_bus_node_1","port":"0","selector":"> rect:nth-child(2)"},"vertices":[],"zIndex":7},"edge_cblPmsMiv4uV":{"attrs":{"line":{"targetMarker":{"args":{"cx":0,"r":0.5}}},"root":{"style":{"--stroke":"var(--edge-electricalAc-stroke,var(--edge-stroke))","--stroke-opacity":1,"--stroke-width":4}}},"canvas":"canvas_0","id":"edge_cblPmsMiv4uV","shape":"diagram-edge","source":{"anchor":{"name":"center"},"cell":"component_electric_load_5","port":"ACPin"},"target":{"anchor":{"args":{"dx":"-15%","dy":"0%","rotate":true},"name":"center"},"cell":"component_bus_node_5","port":"0","selector":"> rect:nth-child(2)"},"vertices":[],"zIndex":32},"edge_eYJeA11BXGVg":{"attrs":{"line":{"sourceMarker":{"args":{"cx":0,"r":0.5},"name":"circle"},"stroke":"var(--stroke)","strokeWidth":"var(--stroke-width)","targetMarker":{"args":{"cx":0,"r":0.5},"name":"circle"}},"lines":{"connection":true,"strokeLinejoin":"round"},"root":{"style":{"--stroke":"var(--edge-electricalAc-stroke,var(--edge-stroke))","--stroke-opacity":1,"--stroke-width":4}}},"canvas":"canvas_0","id":"edge_eYJeA11BXGVg","shape":"diagram-edge","source":{"anchor":{"name":"center"},"cell":"component_electric_load_10","port":"ACPin"},"target":{"anchor":{"name":"center"},"cell":"component_transfer_line_4","port":"AC_Outlet"},"vertices":[],"zIndex":67},"edge_hctbUYBwA8e7":{"attrs":{"line":{"sourceMarker":{"args":{"cx":0,"r":0.5},"name":"circle"},"stroke":"var(--stroke)","strokeWidth":"var(--stroke-width)","targetMarker":{"args":{"cx":0,"r":0.5},"name":"circle"}},"lines":{"connection":true,"strokeLinejoin":"round"},"root":{"style":{"--stroke":"var(--edge-electricalDc-stroke,var(--edge-stroke))","--stroke-opacity":1,"--stroke-width":4}}},"canvas":"canvas_0","id":"edge_hctbUYBwA8e7","shape":"diagram-edge","source":{"anchor":{"name":"center"},"cell":"component_mmc_1","port":"DC"},"target":{"anchor":{"args":{"dx":"-15%","dy":"0%","rotate":true},"name":"center"},"cell":"component_bus_node_11","port":"1","selector":"> rect:nth-child(2)"},"vertices":[],"zIndex":69},"edge_iFxyb1e5QVYC":{"attrs":{"root":{"style":{"--stroke":"var(--edge-electricalDc-stroke,var(--edge-stroke))","--stroke-opacity":1,"--stroke-width":4}}},"canvas":"canvas_0","id":"edge_iFxyb1e5QVYC","shape":"diagram-edge","source":{"anchor":{"name":"center"},"cell":"component_wind_turbine_3","port":"DC"},"target":{"anchor":{"args":{"ratio":0.6885245901639344},"name":"ratio"},"cell":"edge_iKVPWgmhHJ9u"},"vertices":[],"zIndex":61},"edge_iKVPWgmhHJ9u":{"attrs":{"line":{"sourceMarker":{"args":{"cx":0,"r":0.5},"name":"circle"},"stroke":"var(--stroke)","strokeWidth":"var(--stroke-width)","targetMarker":{"args":{"cx":0,"r":0.5},"name":"circle"}},"lines":{"connection":true,"strokeLinejoin":"round"},"root":{"style":{"--stroke":"var(--edge-electricalDc-stroke,var(--edge-stroke))","--stroke-opacity":1,"--stroke-width":4}}},"canvas":"canvas_0","id":"edge_iKVPWgmhHJ9u","shape":"diagram-edge","source":{"anchor":{"name":"center"},"cell":"component_mmc_3","port":"DC"},"target":{"anchor":{"name":"center"},"cell":"component_photovoltaic_3","port":"DC"},"vertices":[{"x":1055,"y":-100}],"zIndex":60},"edge_j77iG2dtuBIN":{"attrs":{"line":{"targetMarker":{"args":{"cx":0,"r":0.5}}},"root":{"style":{"--stroke":"var(--edge-electricalAc-stroke,var(--edge-stroke))","--stroke-opacity":1,"--stroke-width":4}}},"canvas":"canvas_0","id":"edge_j77iG2dtuBIN","shape":"diagram-edge","source":{"anchor":{"name":"center"},"cell":"component_transformer_2","port":"AC2"},"target":{"anchor":{"name":"center"},"cell":"component_bus_node_5","port":"0","selector":"> rect:nth-child(2)"},"vertices":[],"zIndex":30},"edge_m25yXVoU9OaF":{"attrs":{"line":{"sourceMarker":{"args":{"cx":0,"r":0.5},"name":"circle"},"stroke":"var(--stroke)","strokeWidth":"var(--stroke-width)","targetMarker":{"args":{"cx":0,"r":0.5},"name":"circle"}},"lines":{"connection":true,"strokeLinejoin":"round"},"root":{"style":{"--stroke":"var(--edge-electricalAc-stroke,var(--edge-stroke))","--stroke-opacity":1,"--stroke-width":4}}},"canvas":"canvas_0","id":"edge_m25yXVoU9OaF","shape":"diagram-edge","source":{"anchor":{"name":"center"},"cell":"component_transfer_line_4","port":"AC_Inlet"},"target":{"anchor":{"args":{"dx":"35%","dy":"0%","rotate":true},"name":"center"},"cell":"component_bus_node_2","port":"0","selector":"> rect:nth-child(2)"},"vertices":[],"zIndex":65},"edge_nN9Np1STBDAm":{"attrs":{"root":{"style":{"--stroke":"var(--edge-electricalDc-stroke,var(--edge-stroke))","--stroke-opacity":1,"--stroke-width":4}}},"canvas":"canvas_0","id":"edge_nN9Np1STBDAm","shape":"diagram-edge","source":{"anchor":{"name":"center"},"cell":"component_electric_load_3","port":"DCPin"},"target":{"anchor":{"args":{"ratio":0.8097165991902834},"name":"ratio"},"cell":"edge_Vbo2GehMz0jm"},"vertices":[],"zIndex":72},"edge_qXjdblRWcMzr":{"attrs":{"line":{"targetMarker":{"args":{"cx":0,"r":0.5}}},"root":{"style":{"--stroke":"var(--edge-electricalAc-stroke,var(--edge-stroke))","--stroke-opacity":1,"--stroke-width":4}}},"canvas":"canvas_0","id":"edge_qXjdblRWcMzr","shape":"diagram-edge","source":{"anchor":{"name":"center"},"cell":"component_transfer_line_1","port":"AC_Inlet"},"target":{"anchor":{"args":{"dx":"20%","dy":"0%","rotate":true},"name":"center"},"cell":"component_bus_node_1","port":"0","selector":"> rect:nth-child(2)"},"vertices":[],"zIndex":13},"edge_r2eWbUQibDf1":{"attrs":{"line":{"sourceMarker":{"args":{"cx":0,"r":0.5},"name":"circle"},"stroke":"var(--stroke)","strokeWidth":"var(--stroke-width)","targetMarker":{"args":{"cx":0,"r":0.5},"name":"circle"}},"lines":{"connection":true,"strokeLinejoin":"round"},"root":{"style":{"--stroke":"var(--edge-electricalAc-stroke,var(--edge-stroke))","--stroke-opacity":1,"--stroke-width":4}}},"canvas":"canvas_0","id":"edge_r2eWbUQibDf1","shape":"diagram-edge","source":{"anchor":{"name":"center"},"cell":"component_mmc_1","port":"AC"},"target":{"anchor":{"args":{"dx":"20%","dy":"0%","rotate":true},"name":"center"},"cell":"component_bus_node_2","port":"0","selector":"> rect:nth-child(2)"},"vertices":[],"zIndex":15},"edge_tAyJ3YXe6Gyt":{"attrs":{"line":{"sourceMarker":{"args":{"cx":0,"r":0.5},"name":"circle"},"stroke":"var(--stroke)","strokeWidth":"var(--stroke-width)","targetMarker":{"args":{"cx":0,"r":0.5},"name":"circle"}},"lines":{"connection":true,"strokeLinejoin":"round"},"root":{"style":{"--stroke":"var(--edge-electricalDc-stroke,var(--edge-stroke))","--stroke-opacity":1,"--stroke-width":4}}},"canvas":"canvas_0","id":"edge_tAyJ3YXe6Gyt","shape":"diagram-edge","source":{"anchor":{"name":"center"},"cell":"component_mmc_2","port":"DC"},"target":{"anchor":{"args":{"dx":"-40%","dy":"0%","rotate":true},"name":"center"},"cell":"component_bus_node_12","port":"1","selector":"> rect:nth-child(2)"},"vertices":[],"zIndex":74},"edge_wQlygyP6WumF":{"attrs":{"line":{"sourceMarker":{"args":{"cx":0,"r":0.5},"name":"circle"},"stroke":"var(--stroke)","strokeWidth":"var(--stroke-width)","targetMarker":{"args":{"cx":0,"offset":0.5,"r":0.5},"name":"circle"}},"lines":{"connection":true,"strokeLinejoin":"round"},"root":{"style":{"--stroke":"var(--edge-electricalAc-stroke,var(--edge-stroke))","--stroke-opacity":1,"--stroke-width":4}}},"canvas":"canvas_0","id":"edge_wQlygyP6WumF","shape":"diagram-edge","source":{"anchor":{"name":"center"},"cell":"component_transformer_3","port":"AC2"},"target":{"anchor":{"args":{"dx":"-25%","dy":"0%","rotate":true},"name":"center"},"cell":"component_bus_node_8","port":"0","selector":"> rect:nth-child(2)"},"vertices":[],"zIndex":49}},"type":"diagram","variables":[]}},"parameters":[],"pins":[]}}